Soil	OTU_ID	Direction	baseMean	estimate	stderror	statistic	p.value	p.adjusted
Arbuckle	FPLS01039234.11.1486	Enriched in SG	17.3648802140015	-6.82133125856426	1.1794066495018	-5.70317104854036	1.17598867275088e-08	2.46518316547731e-07
Arbuckle	AB240368.1.1441	Enriched in SG	17.9679443396223	-6.72753731362663	1.15447939468963	-5.77912244286113	7.50912642451541e-09	1.65984342357549e-07
Arbuckle	JQ801224.1.1496	Enriched in SG	4.4648809870722	-5.77983314101588	1.18992533086655	-4.84388814728603	1.27322626647614e-06	1.64291429917886e-05
Arbuckle	KJ540845.1.1483	Enriched in SG	3.25038688131602	-3.77250605891251	1.47787122798364	-2.55436896650565	0.0106380461713903	0.0425187317101793
Arbuckle	KC011168.1.1525	Enriched in SG	7.47764965004379	-7.09983954513539	1.91992533803853	-3.57652471625552	0.000348192408967324	0.0022636959171226
Arbuckle	BBPC01190614.7148.8812	Enriched in SI	16.2467349503689	4.99287442174008	1.31456590681497	3.71563400500476	0.000202694805010068	0.00140395148320325
Arbuckle	FQ660158.1.1291	Enriched in SG	1.74621268866907	-3.92834505436122	1.49446437211156	-2.61824873693623	0.00883823543280559	0.0361292015540483
Arbuckle	AB672221.1.1426	Enriched in SG	1.54454806429489	-3.04008984271958	1.097732374562	-2.76000706498102	0.00578001115360617	0.0258673703166928
Arbuckle	JQ668537.1.1541	Enriched in SG	10.1887824279423	-5.81154071714442	1.50222903389916	-3.85972437394932	0.000113514988045179	0.000838822963985014
Arbuckle	FJ375397.1.1587	Enriched in SI	14.666327999126	2.99169318941012	0.860801836661952	3.45115298748344	0.000558197059110475	0.00342951400404422
Arbuckle	AB240491.1.1488	Enriched in SG	7.84101409128427	-5.34973931116344	1.10092570854688	-4.86861734635128	1.12381780960211e-06	1.48017869015988e-05
Arbuckle	HM461197.1.1492	Enriched in SI	5.38858003155146	6.95377436330268	1.26136946832721	5.38910005329454	7.08113773022586e-08	1.2162332506915e-06
Arbuckle	HM557128.1.1334	Enriched in SG	7.43201563776893	-4.2564415880391	1.05328611494941	-4.02331114745429	5.73856022294057e-05	0.000463092701165553
Arbuckle	JQ769756.1.1520	Enriched in SG	69.7035480928207	-6.0113798918111	1.01565401959253	-5.84611700217994	5.03180189455467e-09	1.15232796540162e-07
Arbuckle	HQ166699.1.1541	Enriched in SG	3.93301442593501	-2.60350036557531	0.949151832141407	-2.73927895548927	0.00615741044414377	0.0272685319669224
Arbuckle	JQ655791.1.1490	Enriched in SI	82.0329971420757	3.42582068292648	1.0674242922101	3.14423014526898	0.00166524418439826	0.00883726663202583
Arbuckle	JQ676982.1.1436	Enriched in SG	7.14052743600093	-5.74018792453473	1.43941257286965	-3.97005193645182	7.18569667618423e-05	0.00056203202925724
Arbuckle	KC554661.1.1526	Enriched in SI	2.97717560897451	4.84714929395074	1.28833373209106	3.70781906443186	0.000209051934039974	0.00144013554560871
Arbuckle	KC331388.1.1484	Enriched in SG	21.2255497203451	-8.03363847740055	1.19673564799187	-6.68993039631153	2.23276768968268e-11	8.06717513481803e-10
Arbuckle	EU158348.1.1517	Enriched in SI	4.56373222815862	4.441336824525	1.21667305446007	3.61407616926185	0.000301420446472031	0.0019850020075956
Arbuckle	EU445215.1.1476	Enriched in SI	4.06981600067811	2.83552974407174	0.968778864480952	2.90387363860665	0.00368576885193953	0.0174149152818407
Arbuckle	JX402118.1.1527	Enriched in SG	105.855858631697	-7.0610628786795	1.0653128328905	-6.58482641528848	4.55417146783479e-11	1.48419280400462e-09
Arbuckle	KR027003.1.1529	Enriched in SI	10.7609339789536	6.32775491664778	1.23611588455245	5.05590004082127	4.2836567206188e-07	6.01605269823922e-06
Arbuckle	HE604085.1.1522	Enriched in SG	253.991458758351	-6.07635763454011	1.27703415083039	-4.69595365569167	2.65365707391072e-06	3.15214779527152e-05
Arbuckle	AGZI01000009.333935.335453	Enriched in SI	14.285009343871	1.99546802737064	0.658352386984854	3.01779744354956	0.00254619030967893	0.0127409759196926
Arbuckle	EU644175.1.1420	Enriched in SI	1.48082817164136	3.63621184436805	1.34556627188625	2.62778530784156	0.0085942737840133	0.0354078508248976
Arbuckle	EF019369.1.1353	Enriched in SG	8.81090543506589	-5.73512830242333	1.18360783638756	-4.84726049625588	1.25178013820489e-06	1.62348219965145e-05
Arbuckle	EU134155.1.1309	Enriched in SG	3.27478113349497	-3.61281989896385	1.01715221236374	-3.55928009444062	0.000371872763718169	0.00240354620022794
Arbuckle	KC554610.1.1562	Enriched in SI	1.14478186362337	4.35654292895351	1.64510055776748	2.60068143658728	0.00930388057384852	0.0378407430699567
Arbuckle	FPLL01007565.16.1550	Enriched in SG	6.12574572662639	-7.13502268383196	1.63361452270454	-4.30813330049307	1.64638155706932e-05	0.000154431805094841
Arbuckle	KF699247.1.1522	Enriched in SI	9.54163132782506	4.77920139639267	1.10785716885137	4.2128475318087	2.52171291792681e-05	0.000221041180598964
Arbuckle	LBNQ01000008.81150.82697	Enriched in SG	462.450712279133	-5.0335111230016	0.891051703528354	-5.65555268161525	1.55345570429997e-08	3.10935779553584e-07
Arbuckle	KX509522.1.1494	Enriched in SI	5.93603432751222	3.21510250064902	1.13715236128408	2.86259251880294	0.00420190565117702	0.0194558181517158
Arbuckle	KC554244.1.1542	Enriched in SI	1.19935982000835	4.49262288291333	1.61537977151257	2.6726365276139	0.00752577435690708	0.0319374264027676
Arbuckle	AY138999.1.1524	Enriched in SI	9.3782858621523	3.09428923320333	1.089117265071	2.80541916266063	0.00502511843284995	0.0228512541257684
Arbuckle	ARNI01000005.12.1498	Enriched in SI	17.4065118490856	3.72012816017569	0.79695967681948	4.6381497394334	3.51542067413715e-06	4.02531502416966e-05
Arbuckle	KX539267.1.1530	Enriched in SI	1365.54832633313	4.56793389191424	0.902251937315781	5.04993816891137	4.41953091281483e-07	6.1727733958106e-06
Arbuckle	AB476693.1.1453	Enriched in SG	27.6548297044058	-1.93241597998681	0.750841220306644	-2.57741312864827	0.00995428991552825	0.0401011172191328
Arbuckle	JRJC01000023.11.1813	Enriched in SI	3.37529596759817	5.92885383902337	1.32824300187582	4.37642456347842	1.20641917651683e-05	0.000119793654168194
Arbuckle	JN869193.1.1548	Enriched in SG	4.43754718447091	-3.55501870764651	1.28698509556711	-2.77481133036299	0.00552337399903789	0.0248943558609119
Arbuckle	FPLK01001215.8.1515	Enriched in SG	51.61779076647	-3.48682310281336	1.3037068684906	-2.64834569362544	0.00808867658649599	0.0337072391522505
Arbuckle	EU184869.1.1481	Enriched in SI	7.63439958294975	6.50670040808148	1.17068140759429	5.43405271282769	5.50882953642777e-08	9.5914004668489e-07
Arbuckle	AP017313.4721397.4722906	Enriched in SI	20.5998142439256	4.202553286422	1.1190105789339	3.74134852637692	0.000183035482456359	0.00127706275323125
Arbuckle	LKIT01000005.211354.212989	Enriched in SI	5.34881062649648	4.51566230471207	0.959560009023031	4.60638408113654	4.09731295125483e-06	4.5481962978558e-05
Arbuckle	EF632908.1.1545	Enriched in SG	4.37890763083856	-5.53487039737706	1.44171000676852	-3.82629575419104	0.000130085987279709	0.00094210421556986
Arbuckle	GU444094.1.1487	Enriched in SG	11.9135236876525	-3.45829608568777	1.21531105844516	-2.85961074962746	0.00424161283464685	0.0196039633194042
Arbuckle	EF492921.1.1446	Enriched in SG	6.61995738225723	-3.7166001533194	0.860797460925724	-4.32442349484956	1.52931264047588e-05	0.00014451720193642
Arbuckle	JQ407952.1.1317	Enriched in SG	45.1242158485444	-8.07034973605885	1.05325393313658	-7.56063597542732	4.01103330256865e-14	2.61437093721269e-12
Arbuckle	FJ478699.1.1443	Enriched in SG	16.5038020188576	-2.99684974735651	0.819366361554203	-3.66258860022623	0.000249679353129063	0.00167906062342349
Arbuckle	KJ161326.1.1708	Enriched in SI	34.8721494386726	5.87163157929786	0.965752484686474	5.98613368907432	2.14887763170416e-09	5.2023304188495e-08
Arbuckle	HQ120351.1.1509	Enriched in SG	51.7938441563823	-7.81244075618817	1.31028179403822	-5.87899513867007	4.12764492420912e-09	9.53861217939962e-08
Arbuckle	HQ597086.1.1507	Enriched in SG	8.91580699311633	-5.45038199829988	1.08531477268024	-4.99856012960845	5.77599957674939e-07	8.00153528290565e-06
Arbuckle	AY138998.1.1524	Enriched in SI	75.2498306575485	6.6641813180465	1.11923356444029	5.7380450830308	9.57756242330528e-09	2.04589610756656e-07
Arbuckle	KR188936.1.1522	Enriched in SI	3.93963647161031	4.95442886834072	1.20239383063041	3.97887193218394	6.92430247317763e-05	0.00054325854588943
Arbuckle	FPLS01024228.17.1353	Enriched in SG	34.8469884131978	-3.35613497211291	1.22459095442237	-2.70314202801791	0.00686873896432999	0.029846725550986
Arbuckle	HM066369.1.1511	Enriched in SG	31.6659233796599	-6.67950529150124	1.40442332368028	-4.74783984371496	2.05600737198949e-06	2.52481678241415e-05
Arbuckle	HQ860597.1.1449	Enriched in SG	10.9074803979475	-3.70796738942087	1.43741978500428	-2.55843886041389	0.0105143307184249	0.0420904388759622
Arbuckle	AY015428.1.1524	Enriched in SI	43.4025914566363	4.44176222654387	1.21201565689394	3.61789731318826	0.000297006182756284	0.00196101225082201
Arbuckle	KC683113.1.1458	Enriched in SG	59.9523520638253	-2.88395268814923	0.887449734145675	-3.26047955720867	0.00111223984596336	0.00616315070066434
Arbuckle	KF975551.1.1519	Enriched in SG	1.36801850024705	-4.66140567329204	1.3333011017647	-3.49217698601397	0.000479100678819813	0.00302953712825862
Arbuckle	BBWU01000045.81659.83142	Enriched in SI	3.61311643265322	5.26872398577134	1.59444159622472	3.12466098662249	0.00178010085583296	0.00937289161997357
Arbuckle	AY491594.1.1631	Enriched in SG	556.319964980863	-2.3406957756781	0.571459921605437	-4.09800650456977	4.16723573544618e-05	0.000346180171225627
Arbuckle	EU335166.1.1521	Enriched in SG	12.6327037571152	-5.38462863876373	1.36551758905683	-3.94582845426823	7.95245360068294e-05	0.00061819990987572
Arbuckle	CP002961.1412328.1413816	Enriched in SI	40.1405678950956	6.67115932073862	1.50306356777408	4.28547274171642	1.82351006695372e-05	0.000168660688683379
Arbuckle	AB374388.1.1497	Enriched in SI	11.6519403214673	2.01523829677383	0.735139320932517	2.71573381825749	0.00661290621176285	0.0288831745537821
Arbuckle	FR749785.1.1508	Enriched in SI	3.3106100443295	5.76130071999832	1.17456741828368	4.80733448689706	1.5295595852791e-06	1.92482201276212e-05
Arbuckle	KU514636.1.1500	Enriched in SI	1.8585333325718	5.47703696776763	1.42384425842579	3.75615475429323	0.000172544022161256	0.0012223093681913
Arbuckle	FPLS01048030.18.1552	Enriched in SG	1.81344993099935	-5.0272144370303	1.62407453167244	-3.0770917713221	0.00209030935697953	0.0107562072579797
Arbuckle	KC554381.1.1529	Enriched in SG	12.4223196760901	-5.44135470997877	0.916980183333143	-5.89142611161758	3.82876850649212e-09	9.01178661435461e-08
Arbuckle	FJ375382.1.1567	Enriched in SG	105.627083292154	-6.91541029347077	1.41538908747626	-4.87894972741951	1.06652241815855e-06	1.41203124320783e-05
Arbuckle	KX505050.1.1518	Enriched in SG	18.0948281683887	-5.37684965703321	1.43653766757154	-3.74457552929506	0.000180699012983638	0.00126539088430966
Arbuckle	FPLL01000218.9.1546	Enriched in SG	4.82401357045937	-4.86712701517096	1.12268455046178	-4.34826902650205	1.37216224546011e-05	0.000132122591968166
Arbuckle	JQ769956.1.1495	Enriched in SG	5.53573976668589	-6.75589295849664	1.35371844497562	-4.96381057635373	6.91233631063474e-07	9.44685962453415e-06
Arbuckle	AY662003.1.1523	Enriched in SG	24.7190092400243	-3.50405627095402	1.22127567849596	-2.88651558578363	0.0038953345359324	0.0182692627128047
Arbuckle	KY445706.1.1475	Enriched in SI	2.41785616078345	5.45830791781038	1.67504968322273	3.09700631835189	0.00195485707168246	0.0102037919429504
Arbuckle	DQ404622.1.1516	Enriched in SG	2.81156427739971	-4.57061371139049	1.26402240664888	-3.62138610549386	0.000293028805409955	0.00194485436906555
Arbuckle	CP001089.768668.770218	Enriched in SG	23.013474116088	-3.97456452731195	1.16551239310035	-3.4355300185104	0.000591395940462935	0.00359647961879613
Arbuckle	KX279643.1.1537	Enriched in SI	3.40484684241847	5.42402970178062	1.25335663258015	4.28533819597804	1.82461405932058e-05	0.000168660688683379
Arbuckle	FPLP01010706.9.1526	Enriched in SG	42.2045528950756	-7.45056558288468	1.3478501182401	-5.51720300499767	3.44437482785807e-08	6.29899339022678e-07
Arbuckle	KC683152.1.1489	Enriched in SG	60.5610399881851	-5.04605817751372	1.10400150669654	-4.51262832838838	6.40291694979291e-06	6.81013175162074e-05
Arbuckle	JF832310.1.1460	Enriched in SI	7.14866985447299	7.44640367305872	1.59616226076961	4.46487073259896	8.01171086613614e-06	8.27876789500734e-05
Arbuckle	JN868790.1.1523	Enriched in SG	3.09456459805874	-5.49212221447404	1.8086127547462	-2.99003338046525	0.00278946961640365	0.0136362149324963
Arbuckle	KR088549.1.1526	Enriched in SI	234.201066273198	7.6626160885424	0.700295349964753	10.8560780541077	1.8659186840679e-27	1.18579132372515e-24
Arbuckle	BBFQ01000411.36.1560	Enriched in SI	732.972250063377	5.27281609837319	1.08436124188772	4.82136157500613	1.42581646338793e-06	1.81221272496606e-05
Arbuckle	HE804578.1.1477	Enriched in SG	359.626788438788	-8.26962222986602	1.23781725019031	-6.63528560102984	3.23874814317826e-11	1.11255375404853e-09
Arbuckle	FPLP01003998.13.1512	Enriched in SG	281.135383572371	-8.63682441238786	1.24337096836762	-6.8090747412207	9.82284402955851e-12	4.45886955770317e-10
Arbuckle	AGTN01029961.1048.2511	Enriched in SG	7.55327637947086	-5.63691640690772	1.79822822924741	-3.09502214473997	0.00196798203199596	0.0102512506666675
Arbuckle	KP232912.1.1527	Enriched in SI	11.3598293796214	7.61603738215567	1.0855538516662	6.80531797273996	1.00826290499406e-11	4.49649877981564e-10
Arbuckle	KT922009.1.1535	Enriched in SI	2.49223667853242	5.6236554722194	1.72281581891058	3.15553588131386	0.00160203559791066	0.00857341997871346
Arbuckle	AY218740.1.1501	Enriched in SI	15.5611611146436	6.76572530425702	1.18129105500195	5.62661655049513	1.83778629532816e-08	3.64972872087827e-07
Arbuckle	FPLL01003591.16.1518	Enriched in SI	18.4377355569837	6.96421609519998	1.11374486031713	6.02730087791248	1.66720460182364e-09	4.2300743125503e-08
Arbuckle	DQ984574.1.1503	Enriched in SI	0.987915068429708	4.34613109106775	1.69616998113077	2.4926898241577	0.0126779543087057	0.0490365728236316
Arbuckle	FPLS01042937.16.1489	Enriched in SG	6.97248147696901	-4.07718100251694	1.10901737240189	-3.64418683578698	0.000268238518803182	0.0017943745126255
Arbuckle	KF770896.1.1408	Enriched in SI	1.89343970569482	3.95158973109567	1.4275013342671	2.7431480518314	0.00608532420056364	0.0269963248129717
Arbuckle	KC554190.1.1550	Enriched in SI	24.2358343197797	3.99723310834991	0.903505904587911	4.3741844927424	1.21887266138475e-05	0.000120559311487939
Arbuckle	FPLS01025032.12.1480	Enriched in SI	5.09237302128134	6.6885351566741	1.83486121703738	3.45728448219744	0.000545648497173204	0.00337478948859923
Arbuckle	AB378591.1.1495	Enriched in SG	208.068208123397	-10.0028846068628	1.6437120807217	-5.99943296547425	1.98007749511425e-09	4.88675436172856e-08
Arbuckle	FJ716905.1.1529	Enriched in SI	11.0209938636909	7.87052682280655	1.09974478907936	7.01795296168565	2.25142308568586e-12	1.14462349676269e-10
Arbuckle	KJ123800.1.1500	Enriched in SI	4.96416569098904	6.83905752497303	1.73380892126615	3.74629761833119	0.000179463660820585	0.00126270932339171
Arbuckle	LMQD01000001.797688.799194	Enriched in SI	110.769774277222	2.239175458582	0.668699889392235	3.35829649835612	0.000784244429634221	0.0045828720462763
Arbuckle	FPLS01044005.3.1370	Enriched in SG	7.0133030971154	-7.09710119675136	1.37501416553235	-5.12667493120733	2.94904047191114e-07	4.32318312684885e-06
Arbuckle	KX672762.1.1394	Enriched in SI	1.90091967594163	3.39880023289706	1.35425912146224	2.50560702097623	0.0122241398257211	0.0477323555099585
Arbuckle	FPLL01005505.14.1532	Enriched in SG	2.36399902308595	-4.95135645348098	1.58576030631998	-3.11084757205252	0.0018655120842727	0.00979779280624216
Arbuckle	KX507963.1.1494	Enriched in SI	0.990622350111124	4.56390215859682	1.65142317903818	2.68178141022812	0.00732312930599848	0.0312863776400809
Arbuckle	JF766456.1.1504	Enriched in SI	2.86037231910157	6.00501419325083	1.48130108167493	3.94339774284359	8.03352542079929e-05	0.000619414514628256
Arbuckle	AY212697.1.1526	Enriched in SG	22.2932195842123	-5.7595585682762	1.8543489631592	-3.0625606261687	0.00219452016839427	0.0111792991343852
Arbuckle	FPLL01001579.15.1546	Enriched in SG	11.799855987127	-7.91706405825714	0.997621298803415	-7.87914135785835	3.29638406939319e-15	2.61856509512421e-13
Arbuckle	CP000769.2981747.2983296	Enriched in SG	1265.1638978985	-8.87240334271944	1.12161204129989	-7.83944863154566	4.5252903224637e-15	3.38331999991257e-13
Arbuckle	EU016447.1.1486	Enriched in SI	340.946571047362	5.58631259083513	1.08930099249041	5.10261483269594	3.34992352058757e-07	4.81102010696814e-06
Arbuckle	FN550146.1.1476	Enriched in SI	1.27284825048036	4.45836120948855	1.46298998673468	3.00083100484357	0.00269243946298069	0.013289672067761
Arbuckle	HQ674923.1.1530	Enriched in SG	3.56541360701363	-4.97885526913223	1.68436972747939	-2.93853703495374	0.00329765256912641	0.0159365643169569
Arbuckle	FPLS01061230.12.1537	Enriched in SG	3.90079758762606	-4.72145646173279	1.16262779852565	-4.02246262913422	5.75927943743976e-05	0.000463293934492781
Arbuckle	GQ500822.1.1483	Enriched in SG	2.61387998352504	-2.70100754101404	1.03032773832973	-2.62581080139604	0.00864428510207362	0.0355562665525423
Arbuckle	HM186049.1.1342	Enriched in SG	58.5067615142348	-9.66697304249723	1.084258021331	-8.90764937907815	5.21259440768365e-19	8.83360998955455e-17
Arbuckle	EU431746.1.1490	Enriched in SI	3.7894906594887	2.93102192843435	1.96991287932775	8.03951174901145	9.01971384465799e-16	7.90624572176573e-14
Arbuckle	FJ269063.1.1520	Enriched in SG	6.99469379399547	-5.22675986351563	1.56167312207713	-3.33956813241814	0.000839087654392486	0.00484763822151295
Arbuckle	JF175400.1.1302	Enriched in SG	12.9402309241149	-6.89436383473822	1.93270129292075	-3.32300081650441	0.000890546537899142	0.00509857950301716
Arbuckle	EU769155.1.1493	Enriched in SI	11.8787333487297	6.18462594459248	2.00444515217953	2.79568718791511	0.00517895006661921	0.0234250730771282
Arbuckle	AJ293706.1.1525	Enriched in SG	22.5895243559315	-6.1604189026263	1.17033064893253	-5.24298130014533	1.58002557902619e-07	2.46406443060403e-06
Arbuckle	FPLL01000464.16.1551	Enriched in SG	68.5588363681693	-4.37924483347058	0.993402963324595	-4.40753532295854	1.04553553768703e-05	0.000105466322888906
Arbuckle	FPLS01011245.15.1478	Enriched in SI	7.57599393824799	3.87314296850842	1.17738859630243	3.2101974833454	0.00132643807736064	0.00723563431899303
Arbuckle	FPLS01022362.15.1489	Enriched in SG	1.91142005811572	-5.42179688003067	1.89136739785716	-2.79944258987548	0.00511909185594763	0.0231955998178589
Arbuckle	FPLL01008217.18.1529	Enriched in SG	2.81230395030979	-4.26581427353202	1.44809656067165	-2.96112509765264	0.00306517411461604	0.0148980355628183
Arbuckle	KC191600.5.1544	Enriched in SI	51.3947681491423	7.9942281533405	0.876583477378334	8.73495578815133	2.43751449715777e-18	2.95055326275003e-16
Arbuckle	FPLS01003342.25.1528	Enriched in SG	32.2723517872066	-8.00295815405843	1.17088130177012	-6.79903717628369	1.05320639832917e-11	4.61594942164269e-10
Arbuckle	KC554691.1.1557	Enriched in SG	7.46694415122196	-4.99916327489751	1.43031029138981	-3.49911820747274	0.000466799585439736	0.00295911358151573
Arbuckle	FPLS01029907.13.1490	Enriched in SG	4.89090349426406	-4.11766103120007	1.13674318719249	-3.63357697696218	0.000279519003614191	0.00186004530677297
Arbuckle	KC620950.1.1541	Enriched in SI	5.84922134929192	5.51413395863025	1.22626838371382	4.42304068224048	9.73214069083224e-06	9.85621579127313e-05
Arbuckle	KJ600865.1.1458	Enriched in SI	1.66057979544297	4.47052040046751	1.39077724861415	3.16303118485753	0.00156135605405085	0.00837334828986762
Arbuckle	FJ439860.1.1500	Enriched in SG	27.2289406357198	-4.39402283095297	0.651396888377183	-6.7210409951405	1.80430816998676e-11	6.74492848250934e-10
Arbuckle	FPLS01040505.13.1515	Enriched in SG	24.9899850494448	-8.08552476168127	1.2001692485946	-6.65869781439584	2.76264280443187e-11	9.62005206693947e-10
Arbuckle	HM779939.1.1541	Enriched in SG	1.8569996199442	-4.75001183925725	1.61398353549895	-2.92958188605388	0.00339418369982439	0.016218073242394
Arbuckle	CBXT010004487.187.1541	Enriched in SG	9.02525647469023	-5.52373369487758	1.73832905772679	-3.14741515051966	0.00164720905375613	0.00879013258371013
Arbuckle	GU983350.1.1403	Enriched in SG	83.981801725761	-10.814472919465	1.5641878191669	-6.78597888925851	1.1530201151696e-11	4.95916647901096e-10
Arbuckle	KM200367.1.1508	Enriched in SI	1274.85406762795	9.01916645644587	0.905492479041741	9.85363819319892	6.61067364806058e-23	2.10054155167125e-20
Arbuckle	FPLS01006203.16.1519	Enriched in SG	3.77973684744289	-6.68167381818831	1.51947451583899	-4.35112416028678	1.35441325438526e-05	0.000131409102772799
Arbuckle	FJ936901.1.1446	Enriched in SG	5.24817131462651	-5.88678486696254	1.24038624521731	-4.70002310947068	2.60132051724602e-06	3.10448673936121e-05
Arbuckle	FJ478568.1.1520	Enriched in SG	4.4436534583258	-6.1075945758634	1.41301385365318	-4.29882855279579	1.71703225905772e-05	0.000160466764798703
Arbuckle	HQ121087.1.1522	Enriched in SI	12.8035743079448	2.63993632725745	0.747139458603	3.52182594293303	0.000428585440543284	0.00272366047465257
Arbuckle	GQ396903.1.1493	Enriched in SG	2.52205516873247	-3.95739937448247	1.30908964975035	-3.016304144814	0.0025587646030492	0.0127536855312766
Arbuckle	AM162453.1.1519	Enriched in SG	61.0400222237875	-6.10158366524848	1.15942636596777	-5.25359851707874	1.491558330419e-07	2.38461715466987e-06
Arbuckle	EU223947.1.1486	Enriched in SI	4.3697551713188	3.86950707226592	1.12418185698419	3.35331786189366	0.000798489482226063	0.00465541344912535
Arbuckle	EU449594.1.1457	Enriched in SG	2.11337887381621	-5.4536016765135	1.91340536741008	-2.77900745221828	0.00545252741881021	0.0246186939584646
Arbuckle	GQ397052.1.1443	Enriched in SG	47.170879678252	-6.30481181679157	0.935947629068645	-6.74793989949929	1.4995903431449e-11	6.05072801948306e-10
Arbuckle	FPLK01001369.11.1487	Enriched in SG	8.82361746642377	-3.961224004181	1.56830551626217	-2.49674249282265	0.0125339938399915	0.0485692261299669
Arbuckle	DQ421393.1.1523	Enriched in SI	23.497742097523	8.92717931299205	1.69322737988271	4.99803234171802	5.79182727008119e-07	8.00153528290565e-06
Arbuckle	KM200381.1.1511	Enriched in SI	4.46654549353881	5.13704925091559	1.55153535133894	3.27997544487907	0.00103816121945013	0.00587751852971546
Arbuckle	FPLP01007043.15.1497	Enriched in SG	3.00309340862165	-6.06492203237254	1.85889176202857	-3.18012788816109	0.00147210068924878	0.00792278005218734
Arbuckle	DQ517952.1.1496	Enriched in SG	92.6792500348921	-3.0775797315488	0.532784689129612	-5.77165362777472	7.84973453158975e-09	1.70547223754711e-07
Arbuckle	JN868941.1.1476	Enriched in SI	1.66439430602614	4.50417471594094	1.63059632215254	2.72014735784457	0.0065252830308418	0.0285987404558618
Arbuckle	FPLS01028294.15.1485	Enriched in SG	4.54465616211383	-2.97786035726383	1.18419013399969	-2.50198785003164	0.0123498163051958	0.0480023210252475
Arbuckle	FPLS01017303.111.1632	Enriched in SG	46.431417134347	-9.63612619989512	1.21417815947938	-7.88805283000734	3.06937833915947e-15	2.51689023811076e-13
Arbuckle	HM159974.1.1513	Enriched in SI	6.70389309035502	7.39189861800345	1.19851979467203	6.02599593916244	1.68071402662305e-09	4.2300743125503e-08
Arbuckle	JF808849.1.1517	Enriched in SG	3.60786555845664	-5.44059667874376	2.03414823631278	-2.59367951643955	0.00949549532794744	0.0384968885544536
Arbuckle	KC286814.1.1514	Enriched in SI	45.81348667796	4.37090491876567	1.41340348173909	3.08443737539814	0.00203937539719177	0.0105797801217581
Arbuckle	EU132827.1.1382	Enriched in SI	2.10874979647353	3.94389303246769	1.58484014931242	2.48844495840166	0.0128303095735828	0.0493413720666377
Arbuckle	CP007444.4552578.4554122	Enriched in SI	97.0287102843957	6.10828540400459	1.09809484908758	5.36381742167425	8.14812667782401e-08	1.39010322248514e-06
Arbuckle	EF364387.1.1474	Enriched in SI	14.2676504918211	4.0867116270147	1.03353550108848	3.88414345002615	0.000102691267743644	0.000772311250308704
Arbuckle	KU515028.1.1496	Enriched in SI	26.4062346377251	7.14392345036206	0.834213955614194	8.31137005819837	9.46034025717614e-17	9.24930189759298e-15
Arbuckle	FPLK01001422.16.1527	Enriched in SG	2.39042019984977	-4.72756232652044	1.81160590732521	-2.57992310482759	0.00988223172142584	0.0399374134115493
Arbuckle	KF668664.1.1330	Enriched in SI	1.55641845502731	3.54985607025206	1.35594104630376	2.62352483703964	0.00870250997312208	0.0357379327167631
Arbuckle	FUFK010053222.2479.3996	Enriched in SI	3.2994587540392	4.2666855662623	1.09235977714565	3.78225385463234	0.000155414746611774	0.00110973114013238
Arbuckle	KJ192031.1.1509	Enriched in SG	10.588235097656	-7.55252135087838	1.4155427788199	-5.29100427663658	1.2164652140447e-07	1.9950029510333e-06
Arbuckle	HM159971.1.1501	Enriched in SI	10.5360676427311	7.48366501313901	1.20666965054399	6.01180198176737	1.83472350817321e-09	4.57241878213362e-08
Arbuckle	AJXW01000099.273.1818	Enriched in SI	35.0488901206194	9.7875733683194	1.40054566066758	6.73250937596363	1.66761637668203e-11	6.46313969836619e-10
Arbuckle	LGUW01000207.343.1894	Enriched in SI	4.44252647979524	5.47147167106584	1.34958452611537	3.98981116586921	6.61259185954062e-05	0.000523651355356768
Arbuckle	KC331295.1.1522	Enriched in SG	3.07116720226417	-5.00285584092617	1.61194944492681	-3.06762311347235	0.00215768560120409	0.0110358889301022
Arbuckle	AY792243.1.1526	Enriched in SI	237.382892265552	5.17499543327997	0.721197650226423	7.15526138757345	8.35136362901146e-13	4.61503616194503e-11
Arbuckle	FPLP01001065.18.1535	Enriched in SG	6.67377089955847	-5.71358485500076	1.52090637744158	-3.7458006524925	0.000179819345030606	0.00126270932339171
Arbuckle	FPLP01006742.17.1552	Enriched in SG	9.80353449916748	-6.94372133581343	1.35422464873348	-5.11347649048574	3.1628313563975e-07	4.59423846169282e-06
Arbuckle	KJ809328.1.1510	Enriched in SI	205.58072162535	5.64886133672102	0.778569996342617	7.21350013641823	5.45316693020813e-13	3.0804334081309e-11
Arbuckle	FCOT01000007.86715.88218	Enriched in SI	3.36357750062811	3.53214215071256	1.39193758533877	2.57224276336987	0.0101042012567428	0.0406406322700002
Arbuckle	FJ375365.1.1563	Enriched in SG	156.920217915838	-2.20103042964388	0.518341905140681	-4.25021950282394	2.13561125674575e-05	0.000193882993380275
Arbuckle	KF180065.1.1439	Enriched in SG	4.40335177430156	-3.97225847114772	1.47116949626353	-2.70489578858109	0.00683258205779146	0.0297404513542909
Arbuckle	GQ249625.1.1521	Enriched in SI	8.39709128646851	5.06365565775397	1.37889602013862	3.56617940801127	0.000362223444151516	0.00234890815059478
Arbuckle	HQ190384.1.1493	Enriched in SG	8.3840350501583	-5.12515819980242	1.31194817942955	-3.90153587799728	9.55842910845255e-05	0.00072529930727422
Arbuckle	AF387628.1.1576	Enriched in SG	4.44497202317231	-5.70823651876856	1.82980320245228	-3.0685204310637	0.00215121618037216	0.0110249829244073
Arbuckle	EU434597.1.1476	Enriched in SI	1.31486884405385	4.14835882770731	1.63209945648383	2.51172960331344	0.0120141103666733	0.0472753383159189
Arbuckle	DQ501302.1.1481	Enriched in SG	9.32973962581084	-5.5198095906313	1.40962040994811	-3.8901384512503	0.000100187044351524	0.000755713551161939
Arbuckle	CP015027.1029839.1031395	Enriched in SI	3.16640702557889	4.89892831666877	1.21589842307043	3.94293345624327	8.04909943121488e-05	0.000619414514628256
Arbuckle	JX105539.1.1481	Enriched in SG	19.819414638647	-4.38865243642555	1.47783049454935	-2.96493907351376	0.00302742880386115	0.0147427663207185
Arbuckle	FPLL01008553.9.1546	Enriched in SG	2.53632517212568	-3.53143209242255	1.08492873481986	-3.27255321708909	0.00106580806231771	0.00599399135931776
Arbuckle	AXVY01000004.645.2106	Enriched in SI	14.1366978951255	4.82194069225394	1.1149817117165	4.22607757305796	2.37800043741428e-05	0.000211359339577172
Arbuckle	FPLL01004284.9.1534	Enriched in SI	19.8997966076143	8.06329551227081	1.09367168269935	7.23394023418182	4.69178313577918e-13	2.71057107526152e-11
Arbuckle	HE681375.1.1529	Enriched in SI	1.42879472283386	4.49682150565097	1.37558734710386	3.22447427304628	0.00126204195712247	0.00689916269893618
Arbuckle	FJ375378.1.1557	Enriched in SG	22.9632004220766	-3.15555281492742	0.93704951673344	-3.34114591798503	0.000834333614424729	0.00483115272862793
Arbuckle	BACV01000023.6069.7570	Enriched in SI	4.07107202555359	6.44674143120642	1.20635707496383	5.23140734212237	1.68224351899095e-07	2.57606206341867e-06
Arbuckle	BBFS01000160.204.1722	Enriched in SI	4.48854424275933	5.81911343746168	1.54117151376938	3.59097350465688	0.000329445129188479	0.0021473064574285
Arbuckle	LN851784.1.1537	Enriched in SG	241.130116747835	-5.43566791017336	1.21297067984576	-4.45884854355622	8.24011187256164e-06	8.48030946560797e-05
Arbuckle	AF041446.1.1481	Enriched in SI	4.14626603426321	6.695705017946	1.61241242997225	3.98247087975935	6.82024835137548e-05	0.000538418363639642
Arbuckle	AY212733.1.1521	Enriched in SG	7.35664343884426	-6.60936651273331	1.40572136148399	-4.67835920231563	2.89179634368965e-06	3.38753285975073e-05
Arbuckle	AVPB01048411.141.1651	Enriched in SI	3.83769401871979	2.64708671241251	1.01687430423363	2.57810924359108	0.00993425859270886	0.0400839449883586
Arbuckle	KF625183.1.1786	Enriched in SI	351.669064498593	8.04997478926206	0.801802557863515	9.96796619381585	2.104949137413e-23	7.6439724390055e-21
Arbuckle	EU262996.1.1535	Enriched in SG	191.214481350795	-8.22485022775515	1.55946291152353	-5.26183703660919	1.42623154156006e-07	2.30922329850042e-06
Arbuckle	JQ845901.1.1449	Enriched in SI	0.939529188389261	4.41751990904864	1.71226469417988	2.50497809758555	0.0122458976359572	0.0477439751389621
Arbuckle	KC541345.1.1525	Enriched in SI	1.17895409401104	4.72569092944814	1.40285235912988	3.30254040110782	0.000958132845297811	0.00546798469775882
Arbuckle	AY568510.1.1487	Enriched in SI	2.71829496798377	4.76511439650725	1.44548172434389	3.14640587282063	0.00165290455350647	0.00879013258371013
Arbuckle	KF071177.1.1375	Enriched in SI	31.8687378597603	8.9563127976278	1.28921503927696	6.72512904887421	1.75436886644984e-11	6.65612784853059e-10
Arbuckle	KC683186.1.1532	Enriched in SG	3.08900641466575	-3.13336968046732	1.25849043353723	-2.48646683434599	0.0129018594874982	0.0495415812948948
Arbuckle	KF682163.1.1437	Enriched in SI	22.3670616266454	4.59641630684645	0.989404760077959	4.57140232781793	4.84471094025929e-06	5.33127931174854e-05
Arbuckle	GU260702.7891.9436	Enriched in SG	10.6369905791261	-6.93233534268153	1.03348613597854	-6.68859564772366	2.25322358210889e-11	8.06717513481803e-10
Arbuckle	HQ397578.1.1508	Enriched in SG	21.4814603158543	-6.2723502100962	1.18540372901692	-5.23614405572372	1.63965994890959e-07	2.53404520396959e-06
Arbuckle	FNIB01000031.49.1586	Enriched in SI	20.4162761575745	5.39395855560926	0.996477206422147	5.23556193178146	1.64483658007467e-07	2.53404520396959e-06
Arbuckle	LMIW01000001.1349490.1351021	Enriched in SI	17.9693279566055	5.94926141968165	1.0957016876221	5.27955851804937	1.29495518221842e-07	2.1101128674354e-06
Arbuckle	GQ249369.1.1498	Enriched in SG	22.5922638625381	-6.5368635590027	1.22787879410739	-5.25049228831125	1.51693255567752e-07	2.39505748852935e-06
Arbuckle	HE815469.1.1528	Enriched in SI	1.98799681995896	3.75233985713594	1.47484171297052	2.56502268095115	0.0103169060851978	0.0413652606759822
Arbuckle	AF443584.1.1387	Enriched in SI	0.86048672733303	4.44073630290795	1.62033205518262	2.66406605661976	0.00772024010350411	0.0324377691621611
Arbuckle	EF659431.1.1556	Enriched in SG	12.1805648694783	-5.61744149570836	1.54815051783398	-3.61809177093287	0.000296783168303449	0.00196101225082201
Arbuckle	AB698039.1.1598	Enriched in SI	16.650127395785	3.59419841181017	1.04602903249649	3.4005623080867	0.000672474081670742	0.00399399326076408
Arbuckle	HM447949.1.1500	Enriched in SI	22.1631632876052	7.57581561762112	1.09225354725788	6.73159975859601	1.6780771836828e-11	6.46313969836619e-10
Arbuckle	KC502951.1.1538	Enriched in SI	16.1414917980142	8.42776183801243	1.09097197514548	7.5324050093994	4.98141631441436e-14	3.0884781149369e-12
Arbuckle	AB076847.1.1523	Enriched in SG	6.54050242513178	-3.37889924784624	0.981664404403988	-3.42028837895458	0.000625547845616758	0.00376811048236445
Arbuckle	KU714901.1.1529	Enriched in SI	184.21876251933	2.88538467200868	0.867042483149524	3.30205188624574	0.000959803137747216	0.00546798469775882
Arbuckle	AJ534639.1.1243	Enriched in SG	2.66829054164342	-3.35484932431512	0.998047767604484	-3.34787750560341	0.000814329961957186	0.0047260885006739
Arbuckle	AJ012069.1.1532	Enriched in SI	3.41097248008668	5.94233348084172	2.01351529826167	2.75851467607812	0.00580646978386481	0.0258948178782182
Arbuckle	CAHF01000002.3754.5264	Enriched in SI	2.71192812101754	3.14343735432238	1.0755729975776	2.89080718715441	0.00384253791438519	0.0180549563370927
Arbuckle	DQ223783.1.1545	Enriched in SI	38.1151285259487	6.75664780698628	1.14730247348536	5.75296619114184	8.76910277717838e-09	1.8890728186091e-07
Arbuckle	FPLL01008820.16.1547	Enriched in SG	52.1196070511097	-8.05448705545321	1.13553331149843	-7.04295521992832	1.8820472873381e-12	9.96700875919469e-11
Arbuckle	KJ013374.1.1531	Enriched in SI	6.7998611657673	4.41959245728975	1.27432298857916	3.37555842286474	0.000736660496311292	0.00433470134635024
Arbuckle	AY218670.1.1504	Enriched in SI	18.1779116226971	7.82050892479139	1.09781741544538	6.96303735282396	3.3301347674837e-12	1.59720803376294e-10
Arbuckle	FMTV01000021.419.1943	Enriched in SI	0.967116894931838	4.22983942308875	1.55769002455658	2.66131313800168	0.00778365314664772	0.0326502414171262
Arbuckle	FJ375396.1.1642	Enriched in SG	79.6134616616449	-3.91617098048341	0.847801882749768	-4.63116557271532	3.63612943684583e-06	4.12635760199201e-05
Arbuckle	FOBB01000022.85.1613	Enriched in SI	38.4532476280023	6.92840471763827	1.89670371469278	3.33213939438533	0.000861810777517656	0.00495721790302326
Arbuckle	FJ375388.1.1726	Enriched in SI	4.86259039676764	3.19585252545146	1.24486502060067	2.52631704516554	0.0115265407528235	0.0456109979850971
Arbuckle	KR027006.1.1391	Enriched in SI	3.88425043971936	6.76618471991077	1.25433238471084	5.25193175934988	1.50512229804282e-07	2.39126305101554e-06
Arbuckle	FPLL01006084.14.1541	Enriched in SI	1.64204954189482	4.03424863541067	1.36732333918133	2.9229344627143	0.00346749492309263	0.0165372834793648
Arbuckle	JF825494.1.1570	Enriched in SI	24.1009462015238	4.11436873190258	0.764604427165018	5.3560002520402	8.50843898377343e-08	1.4418967931168e-06
Arbuckle	ADIG01001062.61012.62536	Enriched in SI	5.15707235523462	5.26887728197482	1.30284476858792	3.98017849598995	6.88635414896798e-05	0.000541953939525591
Arbuckle	HM565023.1.1496	Enriched in SG	1.69973097837978	-4.89752435776395	1.81052923655274	-2.66927381662187	0.00760154519843393	0.0320449882162836
Arbuckle	AY212636.1.1538	Enriched in SI	12.2892025653081	4.51738009829246	1.05048433035028	4.22321178453328	2.40845305901028e-05	0.000211843864221596
Arbuckle	KM047475.1.1443	Enriched in SI	5.13783337424878	6.77720488759756	1.81759727361795	3.52240074854007	0.000427657140705034	0.00272366047465257
Arbuckle	EF550492.1.1471	Enriched in SI	3.5411042698393	5.13364580547595	1.52689729634208	3.33061661285917	0.000866538595655563	0.00497232756242989
Arbuckle	HQ441581.1.1535	Enriched in SI	25.8802907569707	8.87594297360526	1.11047516849368	7.84715847283233	4.25569360078158e-15	3.27817367672327e-13
Arbuckle	CZKI01000047.62572.64111	Enriched in SG	46.7664781987426	-3.12693102546594	0.738843101346404	-4.22342117199491	2.40621554765676e-05	0.000211843864221596
Arbuckle	JQ427871.1.1509	Enriched in SG	34.0358254963173	-3.88122176047099	1.28706582186937	-2.99792170026148	0.00271827501611141	0.0133652903113253
Arbuckle	KC555019.1.1524	Enriched in SI	10.2490064727741	6.94708838090424	1.12916783662112	5.88069934105239	4.08536662407295e-09	9.52752473247104e-08
Arbuckle	FQ659687.1.1355	Enriched in SG	8.29076702709078	-6.12388242240899	1.43148351562698	-4.268910233608	1.9643029444087e-05	0.000178969823823904
Arbuckle	AF060676.1.1515	Enriched in SG	61.7868511978612	-4.8505848885792	1.16223114498172	-4.12879154181848	3.64674834379596e-05	0.000309001142997644
Arbuckle	KP182159.1.1470	Enriched in SI	5.32540041762114	7.3789000968984	2.47641559349895	4.33688940259614	1.4451329262632e-05	0.000138102552577483
Arbuckle	FPLP01005783.2.1413	Enriched in SG	3.04738574185251	-4.85855857473661	1.41548595853112	-3.42942015641154	0.000604872371181349	0.00366383155376737
Arbuckle	KX508208.1.1485	Enriched in SI	5.63594947954595	6.8377027781557	1.20560781471605	5.57286703593942	2.50580822307484e-08	4.7535555992957e-07
Arbuckle	AJ315072.1.1480	Enriched in SI	211.6801190185	5.35890707108798	1.46771086540203	3.48560216092785	0.000491030685505622	0.00309727047780469
Arbuckle	FR687413.1.1506	Enriched in SG	256.798303940102	-3.08833427621299	1.0576516717127	-2.89349857547152	0.00380976018940854	0.0179340933360676
Arbuckle	FPLS01008151.9.1473	Enriched in SI	8.59799417078493	3.41550671561161	0.85688466750225	3.94387869497743	8.01742242186116e-05	0.000619414514628256
Arbuckle	AWSA01000105.81.1627	Enriched in SI	5.78047963811409	4.64086373428784	0.978697163692217	4.63361896748578	3.59328105203008e-06	4.09601813195536e-05
Arbuckle	CXWL01003141.114212.115751	Enriched in SG	2.27610330461387	-5.50582330688116	1.79956671964134	-3.01031160085323	0.00260979798013073	0.0129572391904147
Arbuckle	AY148071.1.1451	Enriched in SI	8.52236404464773	3.77302578416084	1.05847302038047	3.53997722557087	0.000400161562501628	0.00256224355637062
Arbuckle	KF703551.1.1451	Enriched in SI	8.05998967314376	3.85815540201085	1.33168298637173	2.88436851674042	0.00392199498327742	0.018316762655619
Arbuckle	BBFA01000009.27.1528	Enriched in SI	7.32956976925001	7.2574149697597	1.80490482239192	3.79508709936544	0.000147591633131676	0.00106282700119184
Arbuckle	AF465213.1.1522	Enriched in SI	1.77877828880176	4.52554900274066	1.47760783955048	3.01663866701982	0.00255594283945854	0.0127536855312766
Arbuckle	HM066635.1.1514	Enriched in SG	372.938024496899	-7.97239413058773	1.37252939574368	-5.7249696431205	1.03452237760539e-08	2.19146323656076e-07
Arbuckle	FJ375369.1.1577	Enriched in SI	552.323533855951	2.82198230254198	0.563605998094031	4.99526049789574	5.87564017455547e-07	8.07344720201082e-06
Arbuckle	JX545207.1.1517	Enriched in SI	7.26783377492435	4.85083773604219	1.44795007181081	3.26032187170226	0.00111285844673679	0.00616315070066434
Arbuckle	DQ532277.1.1514	Enriched in SI	24.1402454237594	5.84287122425438	0.999617677554368	5.70213901548147	1.1831327544777e-08	2.46518316547731e-07
Arbuckle	JQ673402.1.1473	Enriched in SG	14.2479848764307	-6.11001797565429	1.74007269186245	-3.47659813016191	0.000507818355889753	0.0031769270989225
Arbuckle	KF974356.1.1460	Enriched in SI	1.02659599130962	4.20782177822119	1.57367949860205	2.6336815642366	0.00844646625652626	0.0349689205604067
Arbuckle	HQ323430.1.1541	Enriched in SI	12.7540183609475	5.57520371767124	1.14152567401253	4.74683956391846	2.06619712622614e-06	2.52513129560907e-05
Arbuckle	FPLS01033822.31.1498	Enriched in SI	3.24837215709406	3.96064926707389	1.44412804144277	2.72519950475368	0.00642626433063723	0.0282622213295499
Arbuckle	AF001645.1.1525	Enriched in SI	136.149600337455	7.32276012120001	0.780165165268291	9.28357166106993	1.63890532085662e-20	3.47174777134795e-18
Arbuckle	HQ697551.1.1454	Enriched in SI	8.95335715377441	6.7444374631252	1.166892908089	5.68172751587386	1.33340981722332e-08	2.71162220430535e-07
Arbuckle	FPLL01001621.16.1553	Enriched in SG	3.83355609755772	-3.92947809205909	1.04262839733645	-3.7477359490638	0.00017843795509396	0.00125997022735791
Arbuckle	EF019578.1.1340	Enriched in SG	9.25403036640495	-5.62108353919465	1.43395499091275	-3.87055226916954	0.000108589070341973	0.000807115253828352
Arbuckle	FCOA02000075.202.1732	Enriched in SG	106.422627191229	-4.39988770975466	1.28678651274182	-3.43956890182189	0.000582641453378858	0.00356027541944485
Arbuckle	HQ119396.1.1524	Enriched in SG	2.34248417745197	-5.61075453298238	1.64355053170597	-3.37166892859736	0.000747142029809031	0.00438622411033385
Arbuckle	FPLL01006381.10.1474	Enriched in SI	2.1874114685823	4.0484512326507	1.34915164912167	2.91412404187437	0.00356688148873992	0.0169160685529419
Arbuckle	GU550579.1.1244	Enriched in SI	1.61677113397074	3.86072875291257	1.35320366879762	2.84954196876718	0.0043782229042838	0.0201620337367562
Arbuckle	FPLS01002389.29.1540	Enriched in SG	4.20274870751325	-3.14333412439448	0.994030545475518	-3.146714227972	0.00165116254142327	0.00879013258371013
Arbuckle	JQ427529.1.1519	Enriched in SG	5.36472699099676	-6.82821895020837	1.4537398258929	-4.66480411590958	3.08911162854919e-06	3.6020742017303e-05
Arbuckle	KJ191933.1.1442	Enriched in SG	24.8092555349225	-3.83646079767635	0.792974269193039	-4.86545225036835	1.14195379653637e-06	1.49290386367682e-05
Arbuckle	AUHB01000035.31.1494	Enriched in SI	59.4479950609113	7.48556338864891	0.83563296602708	8.76072421841489	1.93999901228065e-18	2.59551446800916e-16
Arbuckle	JX079516.1.1461	Enriched in SI	38.4742661438738	1.99017394830162	0.738094663394217	2.66945640897443	0.00759741341272059	0.0320449882162836
Arbuckle	AY679161.1.1526	Enriched in SI	804.438790684918	8.50055919450549	0.600794954956245	14.0952135314178	4.06416692338241e-45	1.03311123192381e-41
Arbuckle	HAEP01038516.10.1527	Enriched in SG	12.2142082351814	-3.00808812142508	1.18695221260359	-2.5187402488184	0.0117775505151877	0.0464884059155392
Arbuckle	JN037990.1.1466	Enriched in SG	2.24387522485602	-4.13056362645523	1.55340606525021	-2.64180728363611	0.00824649637567961	0.0342526042270875
Arbuckle	DQ125763.1.1459	Enriched in SI	1.59528499360737	5.27014027912557	1.40164418745053	3.6741039332003	0.000238685569007863	0.00161366679898401
Biggs	KJ540845.1.1483	Enriched in SG	3.25038688131602	-5.88800658866933	1.46510099743	-3.99425451337845	6.48981220294783e-05	0.000515534456871668
Biggs	DQ376574.1.1538	Enriched in SG	2.25492998318113	-4.74074209262894	1.64309943719101	-2.84741097653729	0.00440764199688057	0.0202608064305071
Biggs	JQ668537.1.1541	Enriched in SG	10.1887824279423	-7.03960204992583	1.4989748351337	-4.6637262133736	3.10534473075659e-06	3.60446863268641e-05
Biggs	FJ375397.1.1587	Enriched in SI	14.666327999126	4.98928441334585	1.1583483458818	4.36540456327616	1.26887693619154e-05	0.000124536107019262
Biggs	AB240491.1.1488	Enriched in SG	7.84101409128427	-7.22364933931771	1.09122014230234	-6.58717810228009	4.4826445037939e-11	1.47985484787585e-09
Biggs	JQ769756.1.1520	Enriched in SG	69.7035480928207	-10.2984166801307	1.05837201753407	-9.62901705173066	6.03035501104012e-22	1.5329162438064e-19
Biggs	KC554562.1.1513	Enriched in SG	1.7161199018392	-4.28402862670382	1.51216310054878	-2.81481375883391	0.00488055091127288	0.0222336208180209
Biggs	FJ810589.1.1524	Enriched in SG	3.97242607638643	-4.2504286897843	1.56459455879476	-2.71184023707242	0.00669108335181748	0.02917450065235
Biggs	EU158348.1.1517	Enriched in SI	4.56373222815862	4.9778263617324	1.27953757322358	3.83855702869253	0.00012375947233713	0.000906323031947065
Biggs	AY139001.1.1524	Enriched in SI	29.0391915423363	8.71342445237552	1.29409260645125	6.50706889623124	7.66312727268069e-11	2.40489747248819e-09
Biggs	JX402118.1.1527	Enriched in SG	105.855858631697	-6.2139687262671	1.18637795512935	-5.24514177209822	1.56162199463674e-07	2.45039698170778e-06
Biggs	GQ390219.1.1456	Enriched in SG	542.578834836711	-12.9330710248246	1.53291480754433	-8.27545592610975	1.27965025132983e-16	1.16173962102872e-14
Biggs	HE604085.1.1522	Enriched in SG	253.991458758351	-10.0521632626818	1.3254893758496	-7.54686352063903	4.45865385872143e-14	2.83347452721747e-12
Biggs	EF019369.1.1353	Enriched in SG	8.81090543506589	-5.25644030121374	1.08299465525286	-4.83252142642813	1.34814596983522e-06	1.72210404790006e-05
Biggs	KC331473.1.1511	Enriched in SG	4.88261476736521	-6.31022762323799	1.51708055374441	-4.11753520527362	3.82946044543964e-05	0.000323404931970351
Biggs	KF699247.1.1522	Enriched in SI	9.54163132782506	6.05031653036544	1.20844422250332	4.93255484360531	8.11609808861518e-07	1.09159372175978e-05
Biggs	AY138237.1.1441	Enriched in SG	15.8098388764137	-3.88062605553676	0.894969953061101	-4.37675573143198	1.20458841150973e-05	0.000119793654168194
Biggs	LBNQ01000008.81150.82697	Enriched in SG	462.450712279133	-6.86675046078832	1.00216663504239	-6.75976882922009	1.38212086032332e-11	5.6666955273256e-10
Biggs	EU580497.1.1459	Enriched in SG	133.283376846282	-3.29982213018958	1.26028358627936	-2.674983477811	0.00747329331125745	0.0318209574492738
Biggs	ARNI01000005.12.1498	Enriched in SI	17.4065118490856	2.8311462670504	0.955244203644244	2.93276900137105	0.00335953748023425	0.0161435619560595
Biggs	KX539267.1.1530	Enriched in SI	1365.54832633313	6.65496092930602	0.909219162689711	7.30519917019458	2.76856335592825e-13	1.63667163971386e-11
Biggs	HQ120368.1.1502	Enriched in SI	2.86323488381577	3.88293721018639	1.34143955056097	2.90029409816283	0.00372812683578102	0.0175823718303439
Biggs	JN869193.1.1548	Enriched in SG	4.43754718447091	-4.66724339247757	1.25052906315236	-3.71062150583758	0.000206751031378674	0.00142815522218639
Biggs	JX434218.1.1516	Enriched in SG	11.6466664974998	-9.40723327220466	2.09604785351073	-3.17971039927206	0.00147422303882164	0.00792278005218734
Biggs	EU184869.1.1481	Enriched in SI	7.63439958294975	4.59866593476854	1.19650502560756	3.82988044318325	0.000128205532391947	0.000931138466686653
Biggs	AP017313.4721397.4722906	Enriched in SI	20.5998142439256	4.11751870836931	0.800141602019893	5.06626696616802	4.056928532902e-07	5.76129180482507e-06
Biggs	EF632908.1.1545	Enriched in SG	4.37890763083856	-3.99957097213748	1.38300368546907	-2.88522625997459	0.00391132445387872	0.0183104728577527
Biggs	KC172209.1.1498	Enriched in SG	4.59190340641743	-5.73598590979128	1.96243129797371	-2.8315671550058	0.00463205056032278	0.0211774685689577
Biggs	JF428982.1.1528	Enriched in SG	9.65144722268583	-4.6896788504728	1.714991509537	-2.69966061121892	0.00694102434456263	0.0301093581636147
Biggs	DQ984575.1.1478	Enriched in SI	10.7363244098969	5.72234999922306	1.64553980478434	3.23330703306438	0.00122365972372808	0.00670375650369995
Biggs	GU454865.1.1500	Enriched in SG	6.73023266892057	-4.90102415966297	1.78289029729268	-2.71916354593822	0.00654472396290487	0.0286345754108505
Biggs	AY138998.1.1524	Enriched in SI	75.2498306575485	7.78781816827374	1.07177822546231	7.00622121243247	2.44840700646409e-12	1.22036286479053e-10
Biggs	KR188936.1.1522	Enriched in SI	3.93963647161031	3.72790545194073	1.23390116481509	2.94178314353012	0.00326328361964849	0.0158005084974218
Biggs	HM066369.1.1511	Enriched in SG	31.6659233796599	-4.8475637898334	1.41024974067581	-3.41798447799244	0.000630867046537331	0.00378222649126862
Biggs	CP000148.1310037.1311592	Enriched in SG	2.07112111661664	-4.11392185836707	1.40414790065366	-2.93052386023674	0.00338391005485169	0.0162175349462026
Biggs	AY015428.1.1524	Enriched in SI	43.4025914566363	6.06391587554464	1.35507398982787	4.31149978426721	1.62150932741902e-05	0.00015266210038145
Biggs	KC683113.1.1458	Enriched in SI	59.9523520638253	5.11577609481207	0.905020375498097	5.5833770823812	2.35892516533094e-08	4.54271800778124e-07
Biggs	EF515896.1.1446	Enriched in SG	2.40066927648985	-4.99756736240396	1.95061417758705	-2.49056394961672	0.0127540541288729	0.0491969735896735
Biggs	GEXO01005455.1.1513	Enriched in SI	39.8281043203483	2.8471702126467	0.909953655288937	3.10230138304687	0.00192022354533996	0.0100436383791238
Biggs	EU335166.1.1521	Enriched in SG	12.6327037571152	-7.37099999510078	1.35590033294615	-5.40568829802711	6.45599858238243e-08	1.11640465281742e-06
Biggs	FR853451.1.1447	Enriched in SG	52.3237295518381	-3.45775894319373	0.75572905298753	-4.55766375529601	5.17257584142006e-06	5.6190973456794e-05
Biggs	AB374388.1.1497	Enriched in SI	11.6519403214673	5.0251884472494	0.876565883569941	5.58012963923588	2.40339385390247e-08	4.5935542681354e-07
Biggs	FR749785.1.1508	Enriched in SI	3.3106100443295	4.86802044344509	1.17953716352581	4.01645592361107	5.90799074484087e-05	0.00047375749127399
Biggs	KC554381.1.1529	Enriched in SG	12.4223196760901	-3.39751447977801	0.927425670798945	-3.64519355705831	0.000267190627444234	0.00179208067272623
Biggs	FJ375382.1.1567	Enriched in SG	105.627083292154	-3.7550566695198	1.41619883852673	-2.61639269349094	0.00888642911535647	0.0362589130196407
Biggs	KX505050.1.1518	Enriched in SG	18.0948281683887	-6.90488151045758	1.43108050567533	-4.80324456770512	1.56115007426493e-06	1.95489827033569e-05
Biggs	ABRA01002618.192.1704	Enriched in SI	21.2914730089962	4.01082635352333	0.961719626647156	4.1148067008098	3.8750400817238e-05	0.000326170592309335
Biggs	DQ404622.1.1516	Enriched in SG	2.81156427739971	-3.43612898447592	1.21583928433768	-2.84093026784611	0.00449821470553412	0.0206026338404824
Biggs	CP001089.768668.770218	Enriched in SG	23.013474116088	-7.80861280581684	1.11708978472153	-6.92935338424798	4.22768523417351e-12	1.99014367875353e-10
Biggs	KX279643.1.1537	Enriched in SI	3.40484684241847	4.17206544605846	1.25703116730939	3.24277059797831	0.00118373479984995	0.00651310359571121
Biggs	FPLP01010706.9.1526	Enriched in SG	42.2045528950756	-8.30495603192469	1.31947086844569	-6.24147342574119	4.3346808943959e-10	1.21085261907191e-08
Biggs	KC683152.1.1489	Enriched in SG	60.5610399881851	-5.9991870359171	0.980703614094344	-6.12201390876056	9.23999557656672e-10	2.48915496275366e-08
Biggs	KR088549.1.1526	Enriched in SI	234.201066273198	4.5768920464748	0.712714481558909	6.3837527349023	1.72800029780583e-10	5.04893880117519e-09
Biggs	BBFQ01000411.36.1560	Enriched in SI	732.972250063377	6.63929445639264	1.11121212489343	5.95911762860967	2.5360351123463e-09	6.08169929772104e-08
Biggs	HE804578.1.1477	Enriched in SG	359.626788438788	-12.1859661210371	1.24323533222671	-9.70335085321284	2.9175610092537e-22	8.24048898391433e-20
Biggs	KC540960.1.1547	Enriched in SG	3.69576079874227	-4.70163285079604	1.52985296631874	-3.03637719137957	0.0023943962569179	0.0120525847229412
Biggs	FPLP01003998.13.1512	Enriched in SG	281.135383572371	-6.53208660890173	1.12268088778557	-5.81329742687837	6.12540858366284e-09	1.39024898389919e-07
Biggs	AY218740.1.1501	Enriched in SI	15.5611611146436	6.65919462779184	1.16595960157382	5.46212488479332	4.70468909574789e-08	8.36316061635743e-07
Biggs	FJ625347.1.1530	Enriched in SG	3.78895570594621	-5.19481367425497	1.6029623925382	-3.19011046215676	0.00142218423016402	0.00772476989973705
Biggs	FPLL01003591.16.1518	Enriched in SI	18.4377355569837	5.6385639688716	1.22300790089722	4.5273317792401	5.97331177065062e-06	6.40681794134762e-05
Biggs	KF770896.1.1408	Enriched in SI	1.89343970569482	3.69466940193126	1.4403802385682	2.52598862501082	0.0115373216775836	0.0456109979850971
Biggs	KJ191900.1.1520	Enriched in SG	4.06643080108691	-5.13205225257292	1.85041522200263	-2.69586555779909	0.00702059961333613	0.0301968937683595
Biggs	AB378591.1.1495	Enriched in SG	208.068208123397	-11.0485275349361	1.64106678179833	-6.61400648241341	3.74055349206316e-11	1.26779826357661e-09
Biggs	FJ716905.1.1529	Enriched in SI	11.0209938636909	2.85228283520723	1.14140703679738	2.50978113719931	0.0120806009913631	0.0473855529894045
Biggs	GQ487969.1.1565	Enriched in SG	9.96801201711989	-6.27894685045299	2.07515034113461	-2.9194998877424	0.00350593520509376	0.0166893020437235
Biggs	LMQD01000001.797688.799194	Enriched in SI	110.769774277222	6.29082490832955	0.702846660114822	8.86216537621221	7.84750724925533e-19	1.24677271422544e-16
Biggs	FPLS01044005.3.1370	Enriched in SG	7.0133030971154	-6.02318543266913	1.38033592991652	-4.3415331043466	1.41491954786946e-05	0.000135725490214497
Biggs	KX672762.1.1394	Enriched in SI	1.90091967594163	4.65731146330727	1.32185664201769	3.4146465928781	0.000638648167173936	0.00381986739048505
Biggs	EF125426.1.1479	Enriched in SG	3.6893264801619	-5.48477448795083	1.69632510825803	-3.18020352492308	0.001471716483043	0.00792278005218734
Biggs	AY212697.1.1526	Enriched in SG	22.2932195842123	-7.94328939163013	1.85063391493398	-4.19207428330274	2.76415451433198e-05	0.000239811630560816
Biggs	CP000769.2981747.2983296	Enriched in SG	1265.1638978985	-9.88191534104705	1.10898483837511	-8.84471264975326	9.17641417786596e-19	1.3721438141256e-16
Biggs	AF131868.1.1504	Enriched in SG	5.41263586754952	-6.40910939162121	1.90007526252247	-3.26798273847754	0.00108316971611607	0.00605146685355394
Biggs	EU016447.1.1486	Enriched in SI	340.946571047362	6.84032546561002	0.767004493061998	8.82950287530365	1.0514198303508e-18	1.48483844930652e-16
Biggs	HM186049.1.1342	Enriched in SG	58.5067615142348	-7.41901697492956	0.97869881055774	-7.5206510845467	5.45041279241353e-14	3.29879745674172e-12
Biggs	FPLS01001412.12.1545	Enriched in SG	0.944287657534567	-4.0242151417163	1.58168011131699	-2.53843026983706	0.0111350990283843	0.044227221453364
Biggs	FPLL01000464.16.1551	Enriched in SG	68.5588363681693	-4.65941558039774	1.11262362176825	-4.2339703077427	2.29601272658228e-05	0.000206235489433645
Biggs	AB021375.1.1513	Enriched in SI	25.3929018179851	3.15443258325678	0.725871531338577	4.3279128197618	1.50529025990501e-05	0.000143312653208934
Biggs	FLQY01000362.466.1993	Enriched in SG	16.3511252893305	-3.08232849375773	1.23719268581825	-2.49226357218288	0.0126931805342052	0.0490365728236316
Biggs	KC191600.5.1544	Enriched in SI	51.3947681491423	5.66655322416859	1.03560083110188	5.44207471777967	5.26635761837053e-08	9.29658407354019e-07
Biggs	FPLS01003342.25.1528	Enriched in SG	32.2723517872066	-8.12391176157246	1.14347119715375	-7.00348747024881	2.49668249717655e-12	1.22049363611977e-10
Biggs	KC554691.1.1557	Enriched in SG	7.46694415122196	-3.93031267930827	1.37379809078812	-2.84419888275896	0.00445232472900782	0.0204292589551225
Biggs	FPLS01029907.13.1490	Enriched in SG	4.89090349426406	-3.91164044955415	1.02460956063453	-3.80721575848693	0.000140540125530222	0.00101492329289155
Biggs	KC620950.1.1541	Enriched in SI	5.84922134929192	6.21506670464233	1.21932165347037	4.93308083312029	8.09426373345478e-07	1.09159372175978e-05
Biggs	EF492892.1.1500	Enriched in SG	6.45700727960475	-4.55155361894006	1.67897196925752	-2.69621214642079	0.00701329844427205	0.0301968937683595
Biggs	KJ600865.1.1458	Enriched in SI	1.66057979544297	3.94805421563835	1.39333839549365	2.75601024926759	0.00585111634999574	0.0260482272533961
Biggs	FJ439860.1.1500	Enriched in SG	27.2289406357198	-3.18983494640309	0.579068525888174	-5.5215312938129	3.36057945444602e-08	6.1902847631897e-07
Biggs	FJ810597.1.1497	Enriched in SG	43.6570364227446	-9.18783148149746	1.64830064036055	-5.47920902368292	4.27231413244785e-08	7.64804403146651e-07
Biggs	HQ674882.1.1506	Enriched in SG	27.4594299433074	-2.27835450031984	0.521571932630912	-4.366511638938	1.26246563679528e-05	0.000124387118167969
Biggs	MVOD01000011.1.1496	Enriched in SI	3.0641619239329	4.15082431968474	1.24180768496915	3.18331198553617	0.00145600637991089	0.00787482599517764
Biggs	KM200367.1.1508	Enriched in SI	1274.85406762795	9.94053594006557	0.929155633142386	10.5219487346218	6.84431220928151e-26	3.47964832719872e-23
Biggs	FJ478568.1.1520	Enriched in SG	4.4436534583258	-5.82464990425111	1.41640498814171	-4.08878674843371	4.33635269315181e-05	0.000359055652963906
Biggs	HQ121087.1.1522	Enriched in SG	12.8035743079448	-3.02969900204504	0.804169473507782	-3.75603936965569	0.000172623549638346	0.0012223093681913
Biggs	AY171615.1.1476	Enriched in SG	49.647945757547	-7.04738173288614	1.55158376828668	-4.53906857889174	5.65032587493944e-06	6.08607134495596e-05
Biggs	AM162453.1.1519	Enriched in SG	61.0400222237875	-9.61455617276007	1.14676381499804	-8.29259128083077	1.10807573863886e-16	1.0432327880074e-14
Biggs	KM200381.1.1511	Enriched in SI	4.46654549353881	3.99883566283425	1.51565708125119	2.50927160031431	0.0120980424430069	0.0473855529894045
Biggs	DQ517952.1.1496	Enriched in SG	92.6792500348921	-4.64462372614843	0.533342617720928	-8.70839047030541	3.08219964677762e-18	3.5613415918676e-16
Biggs	FPLS01008889.16.1552	Enriched in SG	3.33470383845474	-6.15979378893927	1.18778105365558	-5.16361505797819	2.42225574702196e-07	3.60080357247358e-06
Biggs	EU132827.1.1382	Enriched in SI	2.10874979647353	4.10548657517027	1.57863040325209	2.54083933791397	0.011058672278957	0.0439924020862422
Biggs	CP007444.4552578.4554122	Enriched in SI	97.0287102843957	5.52732538930342	0.857828035520034	6.36219855849077	1.9888610091295e-10	5.74509623318998e-09
Biggs	EF364387.1.1474	Enriched in SI	14.2676504918211	6.08387934420655	1.15337685696819	5.09910892140692	3.41256149101899e-07	4.87344455627544e-06
Biggs	KU515028.1.1496	Enriched in SI	26.4062346377251	2.23182079419631	0.736823642944335	3.00668296042972	0.00264115061902143	0.0130873389348002
Biggs	KF668664.1.1330	Enriched in SI	1.55641845502731	3.94474099884933	1.33883572007155	2.88286997882813	0.00394070061303903	0.018346631791841
Biggs	KP322638.1.1551	Enriched in SI	25.4712079594856	5.20322201362935	1.26962204483663	3.94244404895583	8.06554698434118e-05	0.000619414514628256
Biggs	FUFK010053222.2479.3996	Enriched in SI	3.2994587540392	4.90682547293468	1.13608257814671	4.23419419422875	2.29372675352497e-05	0.000206235489433645
Biggs	AB378596.1.1495	Enriched in SG	3.63691230743295	-5.44165932644887	1.94264206233556	-2.73156441829871	0.00630344168751435	0.0278183138362178
Biggs	FJ936969.1.1515	Enriched in SG	1.73163281990272	-4.99325363531342	1.68689862084241	-2.93017686967955	0.00338769121024139	0.0162175349462026
Biggs	FPLS01042637.11.1526	Enriched in SG	8.98908217062886	-2.15572432775823	0.689395799735092	-3.12452511946823	0.00178092315202488	0.00937289161997357
Biggs	AY792243.1.1526	Enriched in SI	237.382892265552	4.65672978835249	0.706385757189709	6.5584797622214	5.43590824456943e-11	1.74912389337918e-09
Biggs	FPLP01001065.18.1535	Enriched in SG	6.67377089955847	-6.33651755030267	1.51950423721057	-4.1439236630976	3.41413434601117e-05	0.000291232533810752
Biggs	FPLP01006742.17.1552	Enriched in SG	9.80353449916748	-6.45094232918251	1.35205165730894	-4.73187534533798	2.22455014234876e-06	2.68000306248842e-05
Biggs	KJ809328.1.1510	Enriched in SI	205.58072162535	3.19471044505955	0.817053220367852	3.89854058266661	9.67741835930511e-05	0.000732142781825999
Biggs	FCOT01000007.86715.88218	Enriched in SI	3.36357750062811	4.44044879207217	1.36961600377965	3.19569009135047	0.00139496858259589	0.00759316945815577
Biggs	KF180065.1.1439	Enriched in SG	4.40335177430156	-6.40994859007294	1.45396957026199	-4.37648853871218	1.20606530136248e-05	0.000119793654168194
Biggs	DQ501302.1.1481	Enriched in SG	9.32973962581084	-6.45011935319906	1.43346577953741	-4.48389297325107	7.32934339961035e-06	7.63573398434816e-05
Biggs	FPLL01004284.9.1534	Enriched in SI	19.8997966076143	5.71441932438457	0.985316067361805	5.59438868734697	2.21400457948088e-08	4.32923049310801e-07
Biggs	FJ375378.1.1557	Enriched in SG	22.9632004220766	-4.54437438751344	0.915534103440111	-4.94817381569555	7.49129990534973e-07	1.01833606199995e-05
Biggs	BACV01000023.6069.7570	Enriched in SI	4.07107202555359	3.75285936349913	1.22312191329821	2.99608020041591	0.00273474497551049	0.0133990742099673
Biggs	LN851784.1.1537	Enriched in SG	241.130116747835	-8.80525964446954	1.32286447905763	-6.5446241486282	5.96451984136026e-11	1.89522617959222e-09
Biggs	AB487985.1.1331	Enriched in SG	3.78448048879863	-6.20483447275936	1.57121299503058	-3.90763437598807	9.32042065515715e-05	0.000709356566030224
Biggs	KM200500.1.1519	Enriched in SG	8.42670354287256	-5.09887678437482	1.07908468894213	-4.71449103411826	2.42315673209288e-06	2.90550208159439e-05
Biggs	JX505386.1.1476	Enriched in SG	3.55544273724545	-5.17410223890197	1.30951122392472	-3.92191315400494	8.7848657744874e-05	0.00067060446843084
Biggs	KF944972.1.1235	Enriched in SG	7.9727435514504	-6.48721815901158	1.46474773138581	-4.3640368157567	1.27684074525496e-05	0.000124835737478389
Biggs	KF625183.1.1786	Enriched in SI	351.669064498593	3.78728764003735	0.829493529123666	4.5557179098314	5.22069609786005e-06	5.64723807691925e-05
Biggs	AJ292593.1.1450	Enriched in SG	6.70919935934227	-6.08337864224797	1.89864624088548	-3.08572443607271	0.00203056913141269	0.010555637488857
Biggs	EF589965.1.1348	Enriched in SG	7.54331284256771	-3.62777473879054	1.31659147139241	-2.76804602224658	0.00563934915776926	0.0253272536378966
Biggs	KF682163.1.1437	Enriched in SI	22.3670616266454	7.60011518320182	1.18194882803773	6.33074563753292	2.43979267870667e-10	6.96848650480041e-09
Biggs	ABSN01001726.209.1733	Enriched in SG	117.718494533953	-9.41562893689286	1.59969039676903	-5.80687287099455	6.36504278633712e-09	1.41929287393587e-07
Biggs	GU260702.7891.9436	Enriched in SG	10.6369905791261	-5.57398503416415	1.04735852923564	-5.32844683536333	9.90561829655651e-08	1.65658432301623e-06
Biggs	FNIB01000031.49.1586	Enriched in SI	20.4162761575745	4.40239905344178	0.964519191585706	4.43126841107988	9.36803907495719e-06	9.52542213141647e-05
Biggs	LMIW01000001.1349490.1351021	Enriched in SI	17.9693279566055	5.97863116829056	1.08673980634732	5.29144233856396	1.21355453187336e-07	1.9950029510333e-06
Biggs	EF659431.1.1556	Enriched in SG	12.1805648694783	-4.681690979407	1.55620734835838	-3.00293061290729	0.00267393389065544	0.0132240076849147
Biggs	AF280861.1.1535	Enriched in SG	4.17768664382663	-5.66746547957186	1.33930488238054	-4.20366149950297	2.62631609550653e-05	0.000229419089854901
Biggs	HM447949.1.1500	Enriched in SI	22.1631632876052	6.76954349064148	1.08583529181387	5.98659932736	2.14273755855007e-09	5.2023304188495e-08
Biggs	AP007255.1827136.1828612	Enriched in SG	2.13835799133491	-5.33110234875221	1.49194642509751	-3.55258114610902	0.000381471341696335	0.00245493709010654
Biggs	KC502951.1.1538	Enriched in SI	16.1414917980142	6.49088445054407	1.0950629612442	5.7745588654917	7.71549534228547e-09	1.69075768621463e-07
Biggs	AB006750.1.1525	Enriched in SI	4.60919473825354	4.16761491386094	1.45155483377038	2.72104579450506	0.00650757457588817	0.0285703878616714
Biggs	DQ223783.1.1545	Enriched in SI	38.1151285259487	3.89694130021256	1.12241086179931	3.42920426013308	0.000605353757900195	0.00366383155376737
Biggs	AY218670.1.1504	Enriched in SI	18.1779116226971	7.5619494658816	1.09758843817928	6.68356892308308	2.33192106143129e-11	8.23297685855325e-10
Biggs	FJ375396.1.1642	Enriched in SG	79.6134616616449	-2.80149944012461	1.05005363635849	-2.65681159939654	0.0078883513504621	0.0330349079619022
Biggs	FPLM01003094.15.1529	Enriched in SG	4.33424986575435	-2.0044428236199	0.804356763975413	-2.49910263775521	0.0124508244309364	0.0483206041273897
Biggs	JF825494.1.1570	Enriched in SI	24.1009462015238	3.01031747139086	0.744757541218921	4.01541917588556	5.93402325673623e-05	0.00047434865152904
Biggs	ADIG01001062.61012.62536	Enriched in SI	5.15707235523462	6.00737396103191	1.29532852324469	4.48540131533603	7.27768245341626e-06	7.63573398434816e-05
Biggs	EF550492.1.1471	Enriched in SI	3.5411042698393	4.6818192527032	1.52793797866099	2.9991096896877	0.00270769805103849	0.0133390861351547
Biggs	AF407723.1.1503	Enriched in SI	261.534467184437	3.13710547733691	1.11233833674313	2.88396056060556	0.00392707932624404	0.018316762655619
Biggs	AB078821.1.1261	Enriched in SI	2.02254118015276	4.94277931397193	1.54090078588459	3.06298236171764	0.00219142976214745	0.0111792991343852
Biggs	GQ402815.1.1479	Enriched in SG	6.43194000939048	-6.66890040498696	1.86092662085526	-3.47989632363873	0.000501607852472636	0.00315615633907287
Biggs	HQ441581.1.1535	Enriched in SI	25.8802907569707	6.9335625494397	1.11327011537866	6.11927123372336	9.40042786877857e-10	2.48915496275366e-08
Biggs	EU747699.1.1596	Enriched in SI	4.17176304669502	5.00035900307204	1.75409751932066	2.76612695305527	0.00567264462954564	0.0254318565225838
Biggs	CZKI01000047.62572.64111	Enriched in SG	46.7664781987426	-4.25670644181396	0.702813518549567	-6.07039411274176	1.27596724587709e-09	3.27627145355511e-08
Biggs	FQ659687.1.1355	Enriched in SG	8.29076702709078	-4.93981098725818	1.44132702357023	-3.42397136519029	0.000617131232964133	0.00372624131637726
Biggs	KU740046.1.1222	Enriched in SI	14.0578230194024	3.15457806774041	1.08320905901182	2.95871953993934	0.00308920109796726	0.0149861625783068
Biggs	AF060676.1.1515	Enriched in SG	61.7868511978612	-6.97940189786303	1.05548292784489	-6.59976532744793	4.11809117617048e-11	1.3773931276086e-09
Biggs	FPLP01005783.2.1413	Enriched in SG	3.04738574185251	-5.67631137110218	1.41198965598795	-3.99930688238273	6.35282612381945e-05	0.000506234608362039
Biggs	FR687413.1.1506	Enriched in SG	256.798303940102	-9.87921710522342	0.936562988779781	-10.4832570025491	1.03129659138955e-25	4.36925989218706e-23
Biggs	KX083679.1.1336	Enriched in SI	2.87760493213287	5.09626784723418	1.33099555554321	3.7408889460007	0.000183370536950986	0.00127706275323125
Biggs	AY148071.1.1451	Enriched in SI	8.52236404464773	4.86449205092815	1.21825921855051	3.87263477469273	0.000107665104335987	0.000802594414140993
Biggs	LC093166.1.1506	Enriched in SG	1.541504593822	-4.55550056410539	1.48652743467861	-3.05497133123498	0.0022508203643983	0.011420330072456
Biggs	KF703551.1.1451	Enriched in SI	8.05998967314376	5.94984911662529	1.36798511002818	4.23153236011094	2.32104592611034e-05	0.000207749955780721
Biggs	JF429125.1.1528	Enriched in SG	6.5875141301692	-3.11253481201626	1.02525851197942	-3.02934477579002	0.00245084811497946	0.0122880787145519
Biggs	HM066635.1.1514	Enriched in SG	372.938024496899	-9.84903092685002	1.36062940624097	-7.12774899091212	1.02023607958412e-12	5.51795769000605e-11
Biggs	FJ375369.1.1577	Enriched in SI	552.323533855951	7.40165824321461	0.651476135343362	11.2340766048538	2.77378704139956e-29	2.35032221974589e-26
Biggs	HQ323430.1.1541	Enriched in SI	12.7540183609475	4.26082209790697	1.01468807998653	4.11204043039228	3.92177597521366e-05	0.000329015000956869
Biggs	AF001645.1.1525	Enriched in SI	136.149600337455	5.02589836828361	0.991506409886316	4.88938153069082	1.01153276547547e-06	1.34623889520348e-05
Biggs	HQ697551.1.1454	Enriched in SG	8.95335715377441	-5.64538766472116	1.00461881176378	-5.5645424894694	2.6284108232097e-08	4.91280905338166e-07
Biggs	FPLL01001621.16.1553	Enriched in SG	3.83355609755772	-3.97684602336925	1.09802301031859	-3.59402831327533	0.000325604431228162	0.00213872471364855
Biggs	KJ957698.1.1484	Enriched in SG	2.42751014655954	-4.93362993432636	1.92904392923245	-2.50198463704727	0.0123499283833642	0.0480023210252475
Biggs	GU550579.1.1244	Enriched in SI	1.61677113397074	3.66614582439275	1.3492212994148	2.67096152448827	0.0075634315752248	0.0320355580265728
Biggs	AUHB01000035.31.1494	Enriched in SI	59.4479950609113	2.98402035268064	0.765151757170487	3.88018207484572	0.000104378299289144	0.000782683294374644
Biggs	AY679161.1.1526	Enriched in SI	804.438790684918	3.65431422522256	0.5964717473644	6.11959054799111	9.38161082539056e-10	2.48915496275366e-08
Biggs	JAFV01000001.3099874.3101340	Enriched in SG	39.0643725801342	-8.28705620317742	1.88670620621453	-4.03539811851431	5.45097893085298e-05	0.000445543036727597
Biggs	AB240304.1.1455	Enriched in SG	11.5559007384169	-5.5927346939843	1.6659016993795	-3.3015499603473	0.000961522092800233	0.00546798469775882
Davis	FPLS01039234.11.1486	Enriched in SG	17.3648802140015	-3.12592316372275	1.08083468213114	-2.90929241262055	0.00362247867150435	0.0171477481991882
Davis	JN417534.1.1533	Enriched in SG	1.57670753540606	-5.06943034748321	1.88841717310636	-2.63088627867608	0.00851625277211863	0.0351799946475518
Davis	AFJF02000001.970432.971946	Enriched in SG	15.7985045467323	-7.99975121538585	1.91426115216227	-4.02728071792846	5.64256501076193e-05	0.000458255599276576
Davis	JQ801224.1.1496	Enriched in SG	4.4648809870722	-5.59450538950784	1.20665818286755	-4.57823817435303	4.68908611289296e-06	5.182459521293e-05
Davis	BBPC01190614.7148.8812	Enriched in SI	16.2467349503689	3.40167835950879	1.32330412930062	2.50955652995427	0.0120882865504958	0.0473855529894045
Davis	GU207878.1.1524	Enriched in SG	4.03268945522473	-6.23424760393516	1.85978138879037	-3.27511319427578	0.00105619644025642	0.00595686891954273
Davis	JQ668537.1.1541	Enriched in SG	10.1887824279423	-5.84176682822809	1.54211506136069	-3.78455154779398	0.00015398599008862	0.00110262644170499
Davis	AB240491.1.1488	Enriched in SG	7.84101409128427	-4.88428795422465	1.13115475703652	-4.28088807119235	1.86148971163997e-05	0.000170826961985155
Davis	HM461197.1.1492	Enriched in SI	5.38858003155146	4.41553531239163	1.29359500575786	3.363575120477	0.000769398938022962	0.00450647949413449
Davis	HM557128.1.1334	Enriched in SG	7.43201563776893	-2.99572264426246	1.02326958923688	-2.93722502028587	0.0033116371572888	0.0159737792292754
Davis	JQ769756.1.1520	Enriched in SG	69.7035480928207	-5.30098642531536	1.10974156480355	-4.79074109354528	1.66166427429685e-06	2.07051751686437e-05
Davis	JQ676982.1.1436	Enriched in SG	7.14052743600093	-6.3667657033135	1.46736406128822	-4.28422121183868	1.83380390165417e-05	0.000168895997029163
Davis	FJ810589.1.1524	Enriched in SG	3.97242607638643	-6.18636600258386	1.58825178094146	-3.86634170294556	0.00011048011675566	0.000818776841961768
Davis	AJ009452.1.1521	Enriched in SG	6.07437642021353	-6.25896866140547	1.58412023795476	-3.87414289784543	0.000107000616929305	0.000799986965394981
Davis	HAEP01038523.44.1571	Enriched in SG	501.750693292688	-6.32317869628242	1.23177584515093	-5.12602581134691	2.95922055102951e-07	4.32318312684885e-06
Davis	EU158348.1.1517	Enriched in SI	4.56373222815862	3.52103736621555	1.3020399626556	2.68809888292388	0.00718601132996039	0.0307522572403355
Davis	JX402118.1.1527	Enriched in SG	105.855858631697	-8.93290692916926	1.13197181521705	-7.76377755267166	8.24364330177748e-15	5.9872403637481e-13
Davis	KR027003.1.1529	Enriched in SI	10.7609339789536	7.13576010482248	1.24948013375337	5.56929794037461	2.55767806337428e-08	4.81601306451661e-07
Davis	GQ390219.1.1456	Enriched in SG	542.578834836711	-7.59436945861002	1.57297537490828	-4.8081983257133	1.52296636492993e-06	1.92482201276212e-05
Davis	HE604085.1.1522	Enriched in SG	253.991458758351	-12.0443368697524	1.36216807088691	-8.74924007055639	2.14794273081873e-18	2.73003521087061e-16
Davis	LC203136.1.1560	Enriched in SG	22.1459442816487	-4.39230612849619	1.34386172219491	-3.26684153533879	0.00108754537235459	0.00606258845729248
Davis	JF935192.1.1491	Enriched in SI	9.13729096478987	4.49084567868182	1.6290144559027	2.59817576017873	0.00937205091806808	0.0380571141113883
Davis	KY711182.1.1549	Enriched in SI	10.3479847635033	7.09918676522139	1.75851012246523	3.83084608480899	0.000127703373861286	0.000930148929385072
Davis	KF699247.1.1522	Enriched in SI	9.54163132782506	5.59771195596278	1.22648988369794	4.51996295160054	6.18504542103056e-06	6.60604431103348e-05
Davis	KC494332.1.1486	Enriched in SI	16.9855030177793	6.71478630736872	1.39185643475302	4.62078152595555	3.82297191126676e-06	4.28105488918066e-05
Davis	LBNQ01000008.81150.82697	Enriched in SG	462.450712279133	-7.01822075090115	0.920150915828177	-7.6201978735727	2.53287140700895e-14	1.69435766226757e-12
Davis	KX509522.1.1494	Enriched in SI	5.93603432751222	6.29305777134519	1.26818456910272	4.86488647313021	1.14522522980716e-06	1.49290386367682e-05
Davis	EU580497.1.1459	Enriched in SI	133.283376846282	8.52832525873187	1.29216041566887	6.39155679501647	1.64205268080839e-10	4.85360222629642e-09
Davis	ARNI01000005.12.1498	Enriched in SI	17.4065118490856	4.87390829001198	0.917616990143813	5.20006940313067	1.99214125237768e-07	3.03234913984674e-06
Davis	KX539267.1.1530	Enriched in SI	1365.54832633313	5.99551212584128	0.932518682671132	6.42858592238776	1.28796444573847e-10	3.94458508562312e-09
Davis	JRJC01000023.11.1813	Enriched in SI	3.37529596759817	4.49609905413147	1.35654463914716	3.2526390950833	0.00114338619347057	0.00631845153000476
Davis	JN869193.1.1548	Enriched in SG	4.43754718447091	-5.45060109435872	1.29535385942085	-4.16355655387986	3.13328371965808e-05	0.000269993464927825
Davis	FPLK01001215.8.1515	Enriched in SG	51.61779076647	-7.26631508300873	1.26945910676127	-5.67819208086751	1.36125807385138e-08	2.74628414581762e-07
Davis	EU184869.1.1481	Enriched in SI	7.63439958294975	3.1987840631004	1.13858795162787	2.74651080019081	0.00602329028133469	0.0267678389775398
Davis	JQ426482.1.1443	Enriched in SG	2.4642141501891	-5.44707127736399	1.86338976332523	-2.86978449432479	0.00410751641037845	0.0190883120935686
Davis	LKIT01000005.211354.212989	Enriched in SI	5.34881062649648	5.03774763543584	1.15582609227706	4.27932994392791	1.8745680059697e-05	0.000171408340689748
Davis	JQ407952.1.1317	Enriched in SG	45.1242158485444	-4.54967579071155	0.962229785265536	-4.73532833595506	2.18700750254574e-06	2.64732051022441e-05
Davis	KJ161326.1.1708	Enriched in SI	34.8721494386726	3.02213291655463	1.14612521910041	2.5867205777974	0.00968941311144166	0.039220522498861
Davis	AF072921.1.1536	Enriched in SG	4.0145036838164	-3.74989401233899	1.37989872061562	-2.73263033403226	0.00628308070455719	0.0277766802625815
Davis	HQ120351.1.1509	Enriched in SG	51.7938441563823	-5.16395254154119	1.27910037298515	-4.02630907437838	5.66592044958884e-05	0.000458686935759708
Davis	GU454865.1.1500	Enriched in SG	6.73023266892057	-6.72820744907596	1.81505434901767	-3.63475393509595	0.000278246077079709	0.00185643445652656
Davis	FPLP01000974.15.1493	Enriched in SG	5.07262700193128	-6.1888886439773	1.39536828486998	-4.40079454422538	1.07855212290985e-05	0.00010836677851529
Davis	AY138998.1.1524	Enriched in SI	75.2498306575485	4.92187914685129	1.23439614480116	4.03329996239988	5.49990007714507e-05	0.000448100833208422
Davis	FPLS01024228.17.1353	Enriched in SG	34.8469884131978	-4.7154458445782	1.15016712205864	-4.10377423931286	4.06464121475879e-05	0.00033987888052358
Davis	HM066369.1.1511	Enriched in SG	31.6659233796599	-9.3245698666441	1.43859824285012	-6.41431958170161	1.41453197566822e-10	4.28064319303405e-09
Davis	HQ860597.1.1449	Enriched in SG	10.9074803979475	-7.86894077518027	1.50036802816208	-5.19345013221192	2.06432254912924e-07	3.12351661898008e-06
Davis	CP000148.1310037.1311592	Enriched in SG	2.07112111661664	-5.30189900900043	1.42811157759805	-3.69762209108011	0.000217628555774774	0.00149516699670129
Davis	AY015428.1.1524	Enriched in SI	43.4025914566363	5.18733440744969	1.37450038527911	3.68154665650526	0.000231823354488472	0.00157565499227191
Davis	KC683113.1.1458	Enriched in SG	59.9523520638253	-3.13128746847467	1.2110756490354	-2.60306315714268	0.00923949312538977	0.0376390889819564
Davis	AY491594.1.1631	Enriched in SG	556.319964980863	-4.50238418368633	0.588630890052292	-7.64683444257721	2.05987255014405e-14	1.41518811418005e-12
Davis	GEXO01005455.1.1513	Enriched in SI	39.8281043203483	5.27507941352792	1.10940125238408	4.61968542150686	3.84322290836714e-06	4.28485641801284e-05
Davis	EU335166.1.1521	Enriched in SG	12.6327037571152	-4.8663539527816	1.39444883542783	-3.4560793919305	0.000548093861342391	0.0033816859114863
Davis	CP002961.1412328.1413816	Enriched in SI	40.1405678950956	8.41066528650582	1.59490293203245	5.12857553924613	2.91942752432636e-07	4.31464230630094e-06
Davis	JN391722.1.1419	Enriched in SG	1.09848241226605	-3.77696516017484	1.40723976578757	-2.69347179976559	0.00707121270680328	0.0303632140214424
Davis	KC554381.1.1529	Enriched in SG	12.4223196760901	-6.38343388547141	1.03721841188879	-6.08041886881103	1.19868992862241e-09	3.10925489648794e-08
Davis	FJ375382.1.1567	Enriched in SG	105.627083292154	-10.009423466296	1.42738294134922	-6.86932068606224	6.45083458526882e-12	2.9814584574097e-10
Davis	JQ978789.1.1494	Enriched in SG	1.85786671014266	-3.73294346746408	1.38099744632821	-2.69864725569542	0.00696219286814597	0.0301497347032829
Davis	KX505050.1.1518	Enriched in SG	18.0948281683887	-8.14810115165689	1.46700338648245	-5.510473949903	3.57868773657882e-08	6.49787444741668e-07
Davis	JQ769956.1.1495	Enriched in SG	5.53573976668589	-4.53619836955438	1.3646165854889	-3.28449351246626	0.00102165850252198	0.00579699980672069
Davis	DQ404622.1.1516	Enriched in SG	2.81156427739971	-3.97369023214714	1.29498581263254	-3.04862151828327	0.00229893914451312	0.0116180980225693
Davis	CP001089.768668.770218	Enriched in SG	23.013474116088	-6.20254531734589	1.09506787400483	-5.58680476739774	2.31285484355063e-08	4.48799771931733e-07
Davis	FPLP01010706.9.1526	Enriched in SG	42.2045528950756	-6.40180963822488	1.38143393303826	-4.64386545864871	3.41950287819326e-06	3.93320195310736e-05
Davis	KC683152.1.1489	Enriched in SG	60.5610399881851	-3.22478695812631	1.05127832754488	-3.05383241322432	0.00225938256876293	0.0114409372306681
Davis	JN868790.1.1523	Enriched in SG	3.09456459805874	-4.90637056618055	1.8520990939906	-2.61816417031834	0.00884042618671048	0.0361292015540483
Davis	KR088549.1.1526	Enriched in SI	234.201066273198	8.15502757123671	0.908601680514725	8.50710672110397	1.78327378019126e-17	1.97090519532443e-15
Davis	AY212694.1.1518	Enriched in SG	1.21841595463858	-4.36814103237376	1.70952750481458	-2.53389644124673	0.0112802062664342	0.0447336729005861
Davis	AY512824.1.1489	Enriched in SI	5.23207167921321	4.19737956139506	1.24889754531371	3.38038399596258	0.000723846234098232	0.00427910959785513
Davis	BBFQ01000411.36.1560	Enriched in SI	732.972250063377	6.42291927434431	1.12833962698501	5.6868681522987	1.29390274007928e-08	2.65250061716252e-07
Davis	HE804578.1.1477	Enriched in SG	359.626788438788	-9.97178668401816	1.28688639547801	-7.70998710114846	1.25830455374887e-14	8.88502826563784e-13
Davis	FPLP01003998.13.1512	Enriched in SG	281.135383572371	-10.4981159987679	1.29515903423805	-8.0144688016566	1.10614033012948e-15	9.37269573063048e-14
Davis	AGTN01029961.1048.2511	Enriched in SG	7.55327637947086	-6.70110553041788	1.83440904654926	-3.59124033582958	0.000329107969843709	0.0021473064574285
Davis	KP232912.1.1527	Enriched in SI	11.3598293796214	5.15677030358766	1.11602952697014	4.56619990780025	4.96645167953672e-06	5.41833483664478e-05
Davis	JN868763.1.1528	Enriched in SG	3.34556564159299	-5.09649499886461	1.36573050750943	-3.73497742002166	0.000187732030585746	0.0013038656331939
Davis	FQ659918.1.1321	Enriched in SG	7.16533133415737	-8.99436573211767	2.09700708641829	-3.04044903573546	0.00236225666881882	0.0119143977224949
Davis	AB630795.1.1445	Enriched in SG	5.45686526815482	-6.77251153572861	1.73444937628141	-3.83793028500063	0.000124075694381424	0.000906323031947065
Davis	KC331520.1.1444	Enriched in SG	2.83207096206291	-4.92245245467416	1.88934557612361	-2.51640936071712	0.0118557390513394	0.0467244785558212
Davis	FPLS01042937.16.1489	Enriched in SG	6.97248147696901	-3.96173379276793	1.00655358865062	-3.93787635669096	8.22059326072227e-05	0.000629420122552892
Davis	KC554190.1.1550	Enriched in SI	24.2358343197797	5.0747790693265	0.94102800546889	5.31049565667539	1.09327490090117e-07	1.81640836476521e-06
Davis	KY287273.1.1499	Enriched in SG	1.88550156522856	-4.03909997119366	1.17554718087558	-3.44298184134079	0.000575337943440998	0.00352411819813739
Davis	AB378591.1.1495	Enriched in SG	208.068208123397	-5.25184403785245	1.68682393210407	-3.13658845293737	0.00170925869184146	0.00905194915554375
Davis	FJ716905.1.1529	Enriched in SI	11.0209938636909	5.79995117289737	1.11748650159839	5.1058613260404	3.29291119071465e-07	4.75601150386173e-06
Davis	GQ487969.1.1565	Enriched in SG	9.96801201711989	-5.48538973214661	2.11156232357196	-2.54505724081611	0.0109259826161526	0.0435326768185891
Davis	LMQD01000001.797688.799194	Enriched in SI	110.769774277222	4.40290293972345	0.681714117109786	6.43281463745167	1.2526237632562e-10	3.88313366609421e-09
Davis	DQ839498.1.1491	Enriched in SG	2.03037978587209	-3.35413522680687	1.25431789784353	-2.66694386622441	0.00765444554521448	0.032214570489959
Davis	FOMK01000028.124.1656	Enriched in SI	4.17158594839249	5.3307927725036	1.5201843557598	3.40357015754043	0.000665113301398561	0.00395952696055068
Davis	FJ375372.1.1607	Enriched in SG	7.23762978713854	-3.46016574452835	1.01786513109834	-3.40450630341545	0.000662837704910944	0.00395524283071272
Davis	JF497830.1.1490	Enriched in SG	6.9031115034252	-7.23157428764634	1.63389827560324	-4.36113321846531	1.29390552788628e-05	0.000126019457926702
Davis	AY212697.1.1526	Enriched in SG	22.2932195842123	-5.2511396532557	1.89313076291128	-2.76847510400441	0.00563192883241679	0.0253272536378966
Davis	KM116008.1.1667	Enriched in SI	2.6277208254599	5.34843117645686	1.5806641299741	3.26135828697323	0.00110879840501366	0.00616315070066434
Davis	FPLL01001579.15.1546	Enriched in SG	11.799855987127	-4.69929072801087	0.92050465681417	-5.05971010016769	4.19894382281205e-07	5.92984177643791e-06
Davis	CP000769.2981747.2983296	Enriched in SG	1265.1638978985	-10.5591073998535	1.14111610124128	-9.17034396913081	4.71512078529411e-20	8.56131216872688e-18
Davis	EU016447.1.1486	Enriched in SI	340.946571047362	4.97871007187087	1.13163277984195	4.46926414894865	7.84891520110256e-06	8.14364997600111e-05
Davis	GEUY01000836.1.1611	Enriched in SG	569.793320991991	-2.84148123502074	0.633205439677036	-4.48839514603114	7.17617297063771e-06	7.56922476819961e-05
Davis	FPLS01061230.12.1537	Enriched in SG	3.90079758762606	-3.36130437892438	1.14933271846655	-2.91784742279371	0.00352456765930397	0.0167466373643938
Davis	GQ369048.1.1385	Enriched in SG	4.88512575372588	-6.27922325293772	1.29182505586078	-4.83899958423991	1.30494319627843e-06	1.675336164111e-05
Davis	BDFO01000001.6996028.6997540	Enriched in SG	2.32228251241252	-5.65980386412669	1.7902296637569	-3.10421991100167	0.00190781469282992	0.00999930917355394
Davis	HM186049.1.1342	Enriched in SG	58.5067615142348	-2.96697678916071	0.929368312094392	-3.18768705025935	0.0014341566415719	0.00777319015538541
Davis	FPLP01007476.11.1473	Enriched in SG	1.65616928043755	-4.40130371769897	1.57401758657987	-2.75943507320833	0.00579013914641943	0.0258673703166928
Davis	FJ269063.1.1520	Enriched in SG	6.99469379399547	-6.64142254353405	1.59561917309762	-4.13945196207477	3.4813648774184e-05	0.000295974231384534
Davis	AJ293706.1.1525	Enriched in SG	22.5895243559315	-4.5520200124593	1.22377747238471	-3.69624357692388	0.000218813048923505	0.00149925275030606
Davis	HQ397524.1.1516	Enriched in SG	15.145883243021	-7.62804914103466	1.67126132677712	-4.4428953867687	8.87563263850895e-06	9.09752345447167e-05
Davis	EU999001.1.1609	Enriched in SG	1.31687399247619	-3.38945528064797	1.28415366248197	-2.65451003825762	0.00794236764321155	0.033206412087243
Davis	MLJW01000287.2593.4123	Enriched in SG	10.9909191273918	-4.17550982806246	1.58061531091705	-2.62207778995895	0.0087395480340669	0.0358321469396743
Davis	FPLS01011245.15.1478	Enriched in SI	7.57599393824799	4.09720344270726	1.08415264117156	3.69094906656733	0.000223418876198906	0.00152260263618665
Davis	AY921893.1.1338	Enriched in SG	8.32030324841354	-4.06169469917291	1.18202900056711	-3.43848340243345	0.00058498239714596	0.00356600780226626
Davis	KC191600.5.1544	Enriched in SI	51.3947681491423	6.73646474571429	0.917775720272952	7.03133169183814	2.04571532447678e-12	1.06126701118775e-10
Davis	KC554691.1.1557	Enriched in SG	7.46694415122196	-6.78310276367471	1.46127694683712	-4.6240399294333	3.76337372796525e-06	4.25177600732785e-05
Davis	FPLS01029907.13.1490	Enriched in SG	4.89090349426406	-3.48916440435593	1.13502768853169	-3.05582828756094	0.00224439751493714	0.0114105169659404
Davis	FJ439860.1.1500	Enriched in SG	27.2289406357198	-3.01730946724174	0.781298591674669	-3.83926882383949	0.000123401259207405	0.000906323031947065
Davis	FJ810597.1.1497	Enriched in SG	43.6570364227446	-7.18960147857463	1.68839807730179	-4.22438609310523	2.39592994738518e-05	0.000211843864221596
Davis	FPLS01040505.13.1515	Enriched in SG	24.9899850494448	-2.87807225616706	1.06307665206367	-2.72592974231726	0.00641206453685075	0.0282486448053286
Davis	HM779939.1.1541	Enriched in SG	1.8569996199442	-4.67496998326853	1.65954092782797	-2.80136809640298	0.0050886438957082	0.0230988085408754
Davis	KM200367.1.1508	Enriched in SI	1274.85406762795	6.56456328972392	1.19721992093228	5.59931818555084	2.15196496656804e-08	4.24053871706663e-07
Davis	KC683053.1.1537	Enriched in SG	4.94494597211389	-6.2929103071801	1.89860314332007	-3.2472915729527	0.00116508964455484	0.00642442055630891
Davis	AY171615.1.1476	Enriched in SG	49.647945757547	-4.57926144189992	1.48064870584468	-3.07924754592576	0.00207524168609387	0.010700333399697
Davis	AM490754.1.1493	Enriched in SG	2.65948099153276	-5.87543660739499	1.72749197257718	-3.34809571762601	0.000813689029588882	0.0047260885006739
Davis	EU335176.1.1447	Enriched in SG	4.80627864558432	-6.27570470886975	2.01847837399302	-2.99597504102047	0.00273568824349844	0.0133990742099673
Davis	AM162453.1.1519	Enriched in SG	61.0400222237875	-5.59258656476044	1.19269280100232	-4.64792399321774	3.3529240657551e-06	3.87415135234067e-05
Davis	KU898279.1.1428	Enriched in SG	1.46507276650869	-4.1050872890231	1.62013101651994	-2.50704199717312	0.0121746245427585	0.0476121470579878
Davis	FPLS01028294.15.1485	Enriched in SG	4.54465616211383	-5.03010671803736	1.18705329049571	-4.19306734016996	2.75207703580746e-05	0.000239581500856937
Davis	FPLS01017303.111.1632	Enriched in SG	46.431417134347	-3.73155470310158	1.0774357424736	-3.47615496797338	0.000508658272722839	0.0031769270989225
Davis	HM159974.1.1513	Enriched in SI	6.70389309035502	4.30426787735897	1.23216872789054	3.45098530494494	0.000558543980202324	0.00342951400404422
Davis	FPLS01008889.16.1552	Enriched in SG	3.33470383845474	-3.32540726823128	1.25807490261014	-2.63053223165283	0.00852512852198738	0.0351799946475518
Davis	AQOV01000001.1618081.1619594	Enriched in SG	9.83259548931296	-6.59859076078656	2.0035563701904	-3.23337627613954	0.00122336313751574	0.00670375650369995
Davis	CP007444.4552578.4554122	Enriched in SI	97.0287102843957	4.03442230736279	1.19354186047938	3.46744539274418	0.000525430487546735	0.00325766902278976
Davis	EF364387.1.1474	Enriched in SI	14.2676504918211	5.00615913637768	1.19184748439621	4.15768909005394	3.21483147955629e-05	0.000276084514224057
Davis	KU515028.1.1496	Enriched in SI	26.4062346377251	4.64766495989249	1.01008657552505	4.49650627968245	6.90791402557135e-06	7.31663227208432e-05
Davis	FPLK01001422.16.1527	Enriched in SG	2.39042019984977	-5.01637045145236	1.85151852302219	-2.6732767042568	0.00751142644586323	0.0319298428518133
Davis	KJ192031.1.1509	Enriched in SG	10.588235097656	-4.40464680975469	1.41423438685106	-3.08206730624909	0.00205568350752005	0.0106248639604364
Davis	FPLS01042637.11.1526	Enriched in SG	8.98908217062886	-4.55473540195366	0.707399221327984	-6.40768665978537	1.47744152680734e-10	4.41841924840501e-09
Davis	HM159971.1.1501	Enriched in SI	10.5360676427311	4.85478164974611	1.24367843214686	3.85343113887197	0.000116474031572129	0.000858194168858988
Davis	AY792243.1.1526	Enriched in SI	237.382892265552	6.03175152796793	0.874201578408447	6.73416584271207	1.64873041405682e-11	6.46313969836619e-10
Davis	JX489890.1.1483	Enriched in SG	1.60381384440508	-4.81991982517893	1.77524871882378	-2.6883825791457	0.0071799082498587	0.0307522572403355
Davis	JN868977.1.1523	Enriched in SG	2.95903663630764	-5.83607325034642	1.88218845526333	-3.0298592462581	0.00244667733643651	0.0122880787145519
Davis	FPLP01001065.18.1535	Enriched in SG	6.67377089955847	-5.11534317794228	1.56591222709608	-3.26948476961662	0.00107743537449298	0.00603268881489243
Davis	FPLP01006742.17.1552	Enriched in SG	9.80353449916748	-5.31395953929958	1.40340682089311	-3.79431086570425	0.000148054087395656	0.0010631454524287
Davis	KJ809328.1.1510	Enriched in SI	205.58072162535	10.351463336821	1.06831347687796	9.25678738640459	2.10675579813548e-20	4.11951787604645e-18
Davis	FPLS01013703.13.1516	Enriched in SG	4.5253483085452	-8.06688871065607	2.19705725177606	-2.54661814552596	0.0108772384608917	0.0434064994781581
Davis	FCOT01000007.86715.88218	Enriched in SI	3.36357750062811	3.81079941909904	1.36563665829899	2.69617315346309	0.00701411952183763	0.0301968937683595
Davis	FJ375365.1.1563	Enriched in SG	156.920217915838	-4.65925768276205	0.547670614787769	-8.49724528628014	1.94142906151113e-17	2.05629694765054e-15
Davis	HQ190384.1.1493	Enriched in SG	8.3840350501583	-6.9748441255464	1.32791286704203	-5.16593356451987	2.39241763652421e-07	3.57736801884972e-06
Davis	EU131042.1.1470	Enriched in SG	9.19462004684994	-6.97615797098313	2.04806640095263	-3.26990474674216	0.00107583704812859	0.00603268881489243
Davis	DQ501302.1.1481	Enriched in SG	9.32973962581084	-5.96345726003996	1.47442281998505	-4.04470071501855	5.23900076688881e-05	0.000429598062884883
Davis	FPLK01000283.11.1521	Enriched in SG	2.26386284499591	-4.33625620182219	1.39202478375899	-3.12868085650367	0.00175592912401552	0.00927977512109656
Davis	JX105539.1.1481	Enriched in SG	19.819414638647	-8.86101769013465	1.50079927372252	-5.80943580349565	6.26837239621996e-09	1.41010642753904e-07
Davis	AXVY01000004.645.2106	Enriched in SI	14.1366978951255	6.30217480143244	1.26759917287863	4.78436128473752	1.71531909478296e-06	2.11667045579528e-05
Davis	FJ375378.1.1557	Enriched in SG	22.9632004220766	-6.02328480446832	0.883151264299813	-6.78380228538285	1.17053496750849e-11	4.95916647901096e-10
Davis	KF767690.1.1531	Enriched in SG	12.9823364193128	-7.65440053167886	1.774428929912	-4.17962537916943	2.91989701165633e-05	0.000252461843660898
Davis	LN851784.1.1537	Enriched in SG	241.130116747835	-6.62925349216046	1.23482050107678	-5.35202619523162	8.69748042108319e-08	1.46417186956248e-06
Davis	AYNC01003311.2191.3708	Enriched in SG	19.9577451488015	-8.6089121437225	1.71695458787888	-4.89171321238156	9.99620276266484e-07	1.33738670645758e-05
Davis	AB286504.1.1432	Enriched in SG	1.85943970206268	-4.23132983557366	1.03266342371779	-4.06715132619312	4.7591340180984e-05	0.000391511931197609
Davis	GU208456.1.1465	Enriched in SG	12.632347333254	-8.20506513964797	1.55457529096164	-5.1881006276526	2.12449801116716e-07	3.19554671265498e-06
Davis	AY212733.1.1521	Enriched in SG	7.35664343884426	-6.44406799811341	1.44041823539632	-4.44008969053803	8.99213937333035e-06	9.17992702289388e-05
Davis	AVPB01048411.141.1651	Enriched in SG	3.83769401871979	-3.35032408782536	0.903994986723617	-3.69536106556917	0.000219574524876615	0.0015004259199902
Davis	KF625183.1.1786	Enriched in SI	351.669064498593	7.66748403332439	0.896935340953713	8.38182283132833	5.2114238333166e-17	5.29897575371632e-15
Davis	EU262996.1.1535	Enriched in SG	191.214481350795	-9.76002535238151	1.56277830998432	-6.08789490610336	1.14404924529794e-09	2.9981166820076e-08
Davis	KC683186.1.1532	Enriched in SG	3.08900641466575	-3.82256877530026	1.32517102725357	-2.86400650092738	0.00418319426153969	0.0194045252059013
Davis	KF682163.1.1437	Enriched in SI	22.3670616266454	5.65070717314239	1.19092020382846	4.68573578644553	2.78955941542943e-06	3.29772535874108e-05
Davis	ABSN01001726.209.1733	Enriched in SG	117.718494533953	-10.3883293166054	1.63763035363882	-6.23824658784601	4.42502739290473e-10	1.22265430790911e-08
Davis	GU260702.7891.9436	Enriched in SG	10.6369905791261	-6.24694930658826	1.04148977300669	-5.92155332236826	3.189148646219e-09	7.57646341933524e-08
Davis	FNIB01000031.49.1586	Enriched in SI	20.4162761575745	4.55786690969537	0.855653171380287	5.25797439377215	1.45650793854785e-07	2.34331846822065e-06
Davis	LMIW01000001.1349490.1351021	Enriched in SI	17.9693279566055	4.01712966483292	1.20294815830475	3.377794923425	0.000730695515664009	0.00430957772811581
Davis	GQ249369.1.1498	Enriched in SG	22.5922638625381	-7.9884132788756	1.28286451060318	-6.12911151987519	8.83711699988062e-10	2.41547864663404e-08
Davis	EF659431.1.1556	Enriched in SG	12.1805648694783	-7.35910502401608	1.57784142148648	-4.62220667368911	3.79679461312953e-06	4.2705539409625e-05
Davis	AB698039.1.1598	Enriched in SI	16.650127395785	2.90195687860429	1.06198379186211	2.69612644216303	0.00701510323875236	0.0301968937683595
Davis	EU786123.1.1486	Enriched in SG	1.45191829386226	-4.49942481345185	1.53264856861062	-2.93612030516914	0.00332345403281121	0.0160004169534206
Davis	AF280861.1.1535	Enriched in SG	4.17768664382663	-3.67580425297755	1.37080325284985	-2.64466561509439	0.00817716798161227	0.0340202307843836
Davis	LN562785.1.1397	Enriched in SG	8.93857499291999	-3.99663023471511	1.39984022503679	-2.85197580528524	0.00434484075195599	0.0200446192222724
Davis	KF064721.1.1308	Enriched in SG	5.78844402517418	-3.73926046988899	1.00983751878766	-3.67214326956225	0.00024052476853705	0.00162178769660791
Davis	AB076847.1.1523	Enriched in SG	6.54050242513178	-5.71456955319619	0.990186042321522	-5.69223483435825	1.25387235503821e-08	2.5913362004123e-07
Davis	JN391753.1.1499	Enriched in SG	4.07260219328429	-6.57725338102393	1.56577712773286	-4.15151225469434	3.30285575654057e-05	0.000282688866435223
Davis	KT072543.1.1501	Enriched in SG	4.86335448185211	-6.4453607840716	1.84627554237237	-3.41937935385342	0.000627641581316377	0.00377178463287525
Davis	FPLS01024837.16.1519	Enriched in SG	1.88933711546234	-5.21494637428827	1.82246081288009	-2.81619683797601	0.00485958827324229	0.0221778696419783
Davis	JN868773.1.1523	Enriched in SG	72.5810301910112	-2.71893574043179	0.783179699840925	-3.47916036784619	0.00050298748916217	0.00315702270975367
Davis	JN868996.1.1521	Enriched in SG	2.38422556290861	-5.30292371182241	1.70704311593102	-3.06975838657317	0.0021423200415287	0.0110015707991232
Davis	DQ223783.1.1545	Enriched in SI	38.1151285259487	5.62715165358808	1.17260606080345	4.68481285671758	2.80215844802547e-06	3.29772535874108e-05
Davis	FPLL01008820.16.1547	Enriched in SG	52.1196070511097	-4.36414505679101	1.29276280750321	-3.39345512202452	0.000690168662011592	0.00408953085975167
Davis	FJ375396.1.1642	Enriched in SG	79.6134616616449	-6.00571167156688	0.886218165851332	-6.77030711537329	1.28509307849614e-11	5.35525673038884e-10
Davis	FPLM01003094.15.1529	Enriched in SG	4.33424986575435	-3.18274989689832	0.895346646850834	-3.54058041277118	0.000399247951720733	0.00256224355637062
Davis	JF825494.1.1570	Enriched in SI	24.1009462015238	3.92181266081655	0.909655003847465	4.23459139779637	2.28967647081654e-05	0.000206235489433645
Davis	AY212636.1.1538	Enriched in SG	12.2892025653081	-4.23942728410559	0.98037314690036	-4.32525554487339	1.52355139619956e-05	0.000144509986908182
Davis	HQ441581.1.1535	Enriched in SI	25.8802907569707	5.45309500726813	1.13202303104187	4.78976443516187	1.66977219101965e-06	2.07051751686437e-05
Davis	KC555019.1.1524	Enriched in SI	10.2490064727741	5.29035998913928	1.19715879838211	4.34868031175968	1.36959187505047e-05	0.000132122591968166
Davis	FQ659687.1.1355	Enriched in SG	8.29076702709078	-7.00340547510475	1.46817076365037	-4.74159413970238	2.1204308655986e-06	2.57901208629265e-05
Davis	AF060676.1.1515	Enriched in SG	61.7868511978612	-4.59789745876555	1.26201106943501	-3.6768199207896	0.000236159629128567	0.00160084740598618
Davis	KP182159.1.1470	Enriched in SG	5.32540041762114	-0.183589995379681	2.47880715334581	2.56786483002913	0.0102327048563766	0.0410924735306626
Davis	KX508208.1.1485	Enriched in SI	5.63594947954595	3.75615540123952	1.21009525859595	3.01305136879986	0.00258635134500427	0.012865959136988
Davis	AJ315072.1.1480	Enriched in SI	211.6801190185	7.89036411505614	1.64066123364584	12.4787742006734	9.7475723643243e-36	1.23891644750562e-32
Davis	FR687413.1.1506	Enriched in SG	256.798303940102	-4.44424524442747	1.07964227269326	-4.06725214556778	4.7570762037867e-05	0.000391511931197609
Davis	AY148071.1.1451	Enriched in SI	8.52236404464773	5.14798255824181	1.25263419623303	4.0984126607567	4.15993148937466e-05	0.000346180171225627
Davis	FJ755757.1.1515	Enriched in SG	97.9653852816331	-12.2666754479182	1.85147967387886	-5.43787108929921	5.39209631587092e-08	9.45290264478888e-07
Davis	KF703551.1.1451	Enriched in SI	8.05998967314376	4.19208428474007	1.40345538991048	2.98581405745299	0.00282824557470998	0.0137992327272798
Davis	AQZW01000002.99505.101001	Enriched in SG	10.3753501936977	-5.48021697376376	1.55743691090699	-3.46878099643174	0.000522825459163509	0.00324944331832186
Davis	JF429125.1.1528	Enriched in SG	6.5875141301692	-3.55814054419955	0.998580466992224	-3.55880908053282	0.000372540205700161	0.00240354620022794
Davis	AF465213.1.1522	Enriched in SI	1.77877828880176	4.07846848515071	1.50202413416547	2.65036046477999	0.00804059329756595	0.0335618853241587
Davis	HM066635.1.1514	Enriched in SG	372.938024496899	-8.05744421402376	1.43509898678652	-5.53016802030787	3.19924209027088e-08	5.93611196603546e-07
Davis	FJ375369.1.1577	Enriched in SI	552.323533855951	2.29776344464635	0.579115879271076	3.95856097647075	7.54026918739201e-05	0.000587955959335904
Davis	FPLS01017875.18.1484	Enriched in SI	20.521830487329	2.90508069579882	0.645129324364351	4.48429150273509	7.31565971886468e-06	7.63573398434816e-05
Davis	HM345991.1.1531	Enriched in SG	9.84278758350003	-6.7752079449652	2.10371643268948	-3.0819599141972	0.00205642528266511	0.0106248639604364
Davis	EU589284.1.1482	Enriched in SG	3.7883654280362	-2.62496518286966	1.05724658236834	-2.48879254110978	0.0128177736340904	0.0493413720666377
Davis	DQ532277.1.1514	Enriched in SI	24.1402454237594	8.10773273358531	1.17815363133679	6.70872735378193	1.96329099265852e-11	7.23287783092458e-10
Davis	JQ673402.1.1473	Enriched in SG	14.2479848764307	-5.81385606090759	1.7356476769582	-3.27493474273483	0.00105686384056403	0.00595686891954273
Davis	HQ323430.1.1541	Enriched in SI	12.7540183609475	4.07124792325323	1.23535345564996	3.33209273808278	0.000861955276607507	0.00495721790302326
Davis	AY212577.1.1525	Enriched in SG	3.35129285777173	-6.08562919240595	1.67456585974218	-3.59329425939504	0.000326523486170696	0.00213923376764409
Davis	FPLS01033822.31.1498	Enriched in SI	3.24837215709406	5.61390215654893	1.44587843621778	3.75710614448672	0.000171889600077878	0.0012223093681913
Davis	AF001645.1.1525	Enriched in SI	136.149600337455	4.78556236430442	0.757579421798398	6.28384124402634	3.30308018306378e-10	9.32936647260904e-09
Davis	JQ793380.1.1483	Enriched in SI	10.3376857402507	5.68754480925044	1.95405444285631	2.67688442506453	0.00743102634192729	0.0316940754382201
Davis	JQ427529.1.1519	Enriched in SG	5.36472699099676	-5.32741150834084	1.50244977347746	-3.53795818714282	0.000403233907283992	0.00257542862390932
Davis	AUHB01000035.31.1494	Enriched in SI	59.4479950609113	3.74941203007796	0.815044042374393	4.5689746265233	4.90116106897897e-06	5.37015148161403e-05
Davis	JX079516.1.1461	Enriched in SI	38.4742661438738	2.70445164435857	0.77500679042907	3.46992294042122	0.000520607704991457	0.00324359016198109
Davis	AY679161.1.1526	Enriched in SI	804.438790684918	6.20817077644018	0.659635878815292	9.35256735228481	8.55455539976099e-21	1.97687998419931e-18
Davis	HAEP01038516.10.1527	Enriched in SG	12.2142082351814	-6.18936569552268	1.11457373274736	-5.50160454282859	3.76350347833569e-08	6.78498286661654e-07
Davis	JN178821.1.1477	Enriched in SG	33.6960136071719	-8.50296462842533	1.87922316873604	-4.22707443860682	2.36749363317329e-05	0.000211163818088649
Davis	AB240370.1.1476	Enriched in SG	10.9105631096159	-7.64666952216583	1.74999524879124	-4.28908138919796	1.79413623323922e-05	0.00016705839944667
Davis	JX077130.1.1446	Enriched in SI	17.8571739476914	2.92500743647117	1.0614017581873	2.67048820683385	0.00757410321556659	0.0320355580265728
Davis	AB271055.1.1421	Enriched in SI	2.24224011002066	3.5819068882732	1.32144084042226	2.64003521585383	0.00828974127482902	0.0343760559879533
