Treatment	Soil	OTU_ID	Direction	baseMean	log2FoldChange_BSvsES	stderror	statistic	p.value	p.adjusted
Soil grown	Arbuckle	Acidobacteria	Enriched in by BS	722.73670687521	2.06827650836309	0.261885794450683	7.90156997859057	2.75412156016164e-15	3.27740465659236e-14
Soil grown	Arbuckle	Actinobacteria	Enriched in by BS	5595.67843079171	0.454852236215085	0.591264445791155	0.760182705096126	0.447145381434498	0.682183338342376
Soil grown	Arbuckle	Alphaproteobacteria	Enriched in ES	2578.76762311756	-1.05712399754937	0.410638334410819	-2.57733644529023	0.00995649874552601	0.0232318304062274
Soil grown	Arbuckle	Armatimonadetes	Enriched in by BS	28.9712327126442	1.43970158006551	0.605509000224284	2.37832260465687	0.0173916028697655	0.0390490705943791
Soil grown	Arbuckle	Bacteroidetes	Enriched in ES	884.830902706221	-1.50167718301966	0.427066559818811	-3.51356136144536	0.000442142278611792	0.00129913410258774
Soil grown	Arbuckle	BRC1	Enriched in by BS	3.85436563065642	3.64692740670064	1.02998034137968	3.42503876599146	0.000614711702498306	0.00174168315707853
Soil grown	Arbuckle	Chlamydiae	Enriched in ES	0.0482549683682653	0	1.80662362657935	0	1	1
Soil grown	Arbuckle	Chloroflexi	Enriched in ES	553.668182051782	-1.97959415875425	0.443230166818856	-4.45514977015752	8.38346492241626e-06	3.2181687927985e-05
Soil grown	Arbuckle	Cloacimonetes	Enriched in ES	0.346577986044287	0	2.04441047887937	0	1	1
Soil grown	Arbuckle	Crenarchaeota	Enriched in by BS	2.91551117129188	2.50868576487108	1.21170114798249	2.02156737084559	0.0432210657838846	0.0918447647907548
Soil grown	Arbuckle	Cyanobacteria	Enriched in by BS	11.0543683066936	1.16893236521047	1.09155094275196	1.07087390420898	0.284226130966979	0.479757582766957
Soil grown	Arbuckle	Deinococcus-Thermus	Enriched in ES	1.54042654408956	-0.0550532706606486	1.89407883576014	-0.0756804973701792	0.939673292331995	1
Soil grown	Arbuckle	Deltaproteobacteria	Enriched in ES	2405.36382739845	-2.59219727566138	0.532954420147484	-4.85681691559832	1.19287794707069e-06	5.79397860005765e-06
Soil grown	Arbuckle	Dependentiae	Enriched in ES	0.880224930410204	-1.56622260925886	1.58056505090416	-0.982172514626181	0.326014865829995	0.542598168304467
Soil grown	Arbuckle	Elusimicrobia	Enriched in ES	2.74790878602469	-0.423277820086906	0.665679841318142	-0.64334949155096	0.519997349188413	0.75005678246571
Soil grown	Arbuckle	Entotheonellaeota	Enriched in by BS	0.0933004908420024	0.376179300100343	1.83916816289698	0.187910856885618	0.850946531784415	1
Soil grown	Arbuckle	Epsilonbacteraeota	Enriched in by BS	0.574494702110856	1.51837983027079	1.82686803568555	0.810771525240714	0.417496889599372	0.658041455130137
Soil grown	Arbuckle	Euryarchaeota	Enriched in by BS	10.7740974382325	3.78418099155928	1.20498672408076	3.0999448596953	0.0019355667240257	0.00523482818543315
Soil grown	Arbuckle	FBP	Enriched in by BS	0.208255569947227	1.51616361534757	2.05339498708177	0.680964687923478	0.49589383459601	0.737642078961565
Soil grown	Arbuckle	FCPU426	Enriched in ES	0.0600861358344335	0	1.80710024728755	0	1	1
Soil grown	Arbuckle	Fibrobacteres	Enriched in ES	253.711363051873	-8.43935636400599	0.766625569644999	-10.9453381287089	6.99562148218902e-28	2.37851130394427e-26
Soil grown	Arbuckle	Firmicutes	Enriched in by BS	294.763562287559	1.74246438220894	0.597841818308707	2.90886130573748	0.00362747748541679	0.00908778570030733
Soil grown	Arbuckle	Gammaproteobacteria	Enriched in ES	10745.9616569186	-1.98306077964958	0.359717782989666	-5.51551020732126	3.47769558005954e-08	1.97069416203374e-07
Soil grown	Arbuckle	Gemmatimonadetes	Enriched in by BS	221.533361391866	3.31103429260142	0.496370207623064	6.68049115066906	2.38142762631718e-11	1.95441301746031e-10
Soil grown	Arbuckle	Hydrogenedentes	Enriched in by BS	0.422464973328125	2.18442023563328	2.05870913141183	0.917485710643486	0.358888177366789	0.589071629057213
Soil grown	Arbuckle	Kiritimatiellaeota	Enriched in ES	0.0388498291509328	-0.329286810534011	1.8069702213749	-0.214393220718042	0.830240427849781	1
Soil grown	Arbuckle	Latescibacteria	Enriched in by BS	4.07043210333057	2.87581586698111	0.68447340579417	4.16665998073774	3.09094998945495e-05	0.000108183249630923
Soil grown	Arbuckle	Lentisphaerae	Enriched in ES	0.045099644599632	0	1.80591539233059	0	1	1
Soil grown	Arbuckle	Nanoarchaeaeota	Enriched in ES	0.906980438104078	-0.655742887826801	1.56891163715243	-0.415695262148847	0.677633008601023	0.91901277769228
Soil grown	Arbuckle	Nitrospirae	Enriched in by BS	6.05934628924324	2.97183204640012	0.639940076109175	4.60442416904166	4.13608689565345e-06	1.75783693065272e-05
Soil grown	Arbuckle	Omnitrophicaeota	Enriched in ES	0.629807114110991	-1.55192406593212	1.4833879775921	-1.04456460118643	0.296224247322881	0.496488527203139
Soil grown	Arbuckle	Patescibacteria	Enriched in ES	11.5255579468483	-2.14683190534818	0.785954729255059	-2.7315577060736	0.00630357009151078	0.0150024968177957
Soil grown	Arbuckle	Planctomycetes	Enriched in by BS	166.434119932349	3.24200278698036	0.382414563918904	8.47923909648098	2.26671437777279e-17	3.37173763693703e-16
Soil grown	Arbuckle	Rokubacteria	Enriched in by BS	6.60124554757133	5.43491275609559	0.763710582892126	6.88041748550563	5.96774052546918e-12	5.46277786562178e-11
Soil grown	Arbuckle	Spirochaetes	Enriched in by BS	0.348873305358939	1.96581707402563	2.0585050965471	0.836984827004451	0.402601096830724	0.643080946615519
Soil grown	Arbuckle	Synergistetes	Enriched in ES	0.0685576727257792	-0.305019063331091	1.80681358836472	-0.214397588888803	0.830237021741803	1
Soil grown	Arbuckle	Thaumarchaeota	Enriched in by BS	7.18430611539531	5.80080493432031	0.991263801628489	5.65140740195694	1.59139409409292e-08	9.96715248405567e-08
Soil grown	Arbuckle	Verrucomicrobia	Enriched in by BS	360.075867470799	0.833074224433506	0.523304884561643	1.59195360949439	0.111395128526499	0.203938773763898
Soil grown	Arbuckle	WPS-2	Enriched in ES	2.16278699442347	-0.872029888761903	1.85458018106579	-0.569862585633329	0.568770902847938	0.810583681903049
Soil grown	Arbuckle	WS1	Enriched in ES	0.0178426687931618	0	1.80610620587226	0	1	1
Soil grown	Arbuckle	WS2	Enriched in by BS	0.174732977099252	0.986697166108656	2.05134941242741	0.445711688096661	0.655805520613337	0.912657826944228
Soil grown	Arbuckle	WS4	Enriched in by BS	0.548404498924966	1.98716677977904	1.73693647879462	1.135500333968	0.256165742052775	0.44179309136638
Soil grown	Arbuckle	Zixibacteria	Enriched in ES	0.0136719206328027	0	1.80608616024576	0	1	1
Soil grown	Biggs	Acidobacteria	Enriched in by BS	722.73670687521	2.67355801756126	0.261840222933178	10.2146403513786	1.70510282601159e-24	4.50904969545286e-23
Soil grown	Biggs	Actinobacteria	Enriched in by BS	5595.67843079171	0.0565297983284299	0.590996334424267	0.0921232113264888	0.926600146894967	1
Soil grown	Biggs	Alphaproteobacteria	Enriched in ES	2578.76762311756	-0.757678373075558	0.410497578193461	-1.84647585635247	0.0648231418568892	0.130744981033387
Soil grown	Biggs	Armatimonadetes	Enriched in by BS	28.9712327126442	0.284977049210837	0.592143269414729	0.488106816552709	0.625474183048722	0.875663856268211
Soil grown	Biggs	Bacteroidetes	Enriched in ES	884.830902706221	-0.471113688457066	0.430251293106852	-1.10527458100786	0.269040628717371	0.45736906881953
Soil grown	Biggs	BRC1	Enriched in by BS	3.85436563065642	2.84330483368881	0.809975082247882	3.48128433333285	0.000499015460094562	0.00143091180123501
Soil grown	Biggs	Chloroflexi	Enriched in by BS	553.668182051782	1.35134579713507	0.444822695905653	3.03884169294229	0.00237489614844832	0.00628028092589666
Soil grown	Biggs	Cloacimonetes	Enriched in ES	0.346577986044287	-0.738335732859378	2.03258359635464	-0.273689658837371	0.784323125486776	0.987666158020385
Soil grown	Biggs	Crenarchaeota	Enriched in by BS	2.91551117129188	4.38405844873624	1.10823210372058	3.8631925803421	0.0001119147095341	0.000369940289848831
Soil grown	Biggs	Cyanobacteria	Enriched in by BS	11.0543683066936	2.27429345269282	1.07490704864399	2.11604873358779	0.0343406630076394	0.0756766462575757
Soil grown	Biggs	Deinococcus-Thermus	Enriched in by BS	1.54042654408956	0.225473933771718	1.89792501322358	0.0874755701241892	0.930293503198038	1
Soil grown	Biggs	Deltaproteobacteria	Enriched in ES	2405.36382739845	-2.78149337123736	0.532892294679871	-5.20806679566166	1.90818238809259e-07	9.87276974708775e-07
Soil grown	Biggs	Dependentiae	Enriched in by BS	0.880224930410204	1.11159570085195	1.6322977060841	0.673859738398954	0.500400491038397	0.739722465013282
Soil grown	Biggs	Elusimicrobia	Enriched in by BS	2.74790878602469	2.35284231269241	0.75805601262481	3.06740352898681	0.00215927146102612	0.0057742315474631
Soil grown	Biggs	Entotheonellaeota	Enriched in ES	0.0933004908420024	0	1.8356806883339	0	1	1
Soil grown	Biggs	Epsilonbacteraeota	Enriched in by BS	0.574494702110856	1.19288471139956	1.83392778450884	0.645727958603419	0.518455550660802	0.75005678246571
Soil grown	Biggs	Euryarchaeota	Enriched in by BS	10.7740974382325	5.22585329511953	1.20495759341088	4.26315289324422	2.01562501274929e-05	7.15998138857209e-05
Soil grown	Biggs	FBP	Enriched in ES	0.208255569947227	-0.00578020677335705	2.05460437789192	-0.0219854484684036	0.982459563173544	1
Soil grown	Biggs	FCPU426	Enriched in by BS	0.0600861358344335	0.476334253813715	1.80885073542697	0.232214257051612	0.816371604861436	1
Soil grown	Biggs	Fibrobacteres	Enriched in ES	253.711363051873	-5.96008794287457	0.771497470458553	-7.6928921709626	1.4384573903806e-14	1.59875081451376e-13
Soil grown	Biggs	Firmicutes	Enriched in by BS	294.763562287559	0.97284733143519	0.595252853588949	1.6318026342049	0.102721070233462	0.197158183190032
Soil grown	Biggs	Gammaproteobacteria	Enriched in ES	10745.9616569186	-2.30882230414271	0.359710253394084	-6.42028909077218	1.3601579561455e-10	9.80962404735243e-10
Soil grown	Biggs	Gemmatimonadetes	Enriched in by BS	221.533361391866	4.25075283265287	0.513531125425854	8.26954064028862	1.3447613058598e-16	1.88266582820372e-15
Soil grown	Biggs	Hydrogenedentes	Enriched in ES	0.422464973328125	0	2.05639350217165	0	1	1
Soil grown	Biggs	Latescibacteria	Enriched in by BS	4.07043210333057	2.4138533839725	0.745582872253209	3.1982932757868	0.00138243609730758	0.00387082107246122
Soil grown	Biggs	Nanoarchaeaeota	Enriched in by BS	0.906980438104078	0.501395773007927	1.57502309420867	0.324383317345222	0.745647848331562	0.964479282081042
Soil grown	Biggs	Nitrospirae	Enriched in by BS	6.05934628924324	0.990770727632537	0.608652023215009	1.62087734084837	0.105043947325936	0.198416344948991
Soil grown	Biggs	Omnitrophicaeota	Enriched in ES	0.629807114110991	-1.36031793237055	1.48405366919585	-0.910162846566522	0.362736634762475	0.591310404612801
Soil grown	Biggs	Patescibacteria	Enriched in by BS	11.5255579468483	1.28979545208496	0.802307535086345	1.60547182581386	0.10839000867819	0.201504376292336
Soil grown	Biggs	Planctomycetes	Enriched in by BS	166.434119932349	2.16501444416903	0.382328151433821	5.66273935188212	1.48975361906821e-08	9.58273949562793e-08
Soil grown	Biggs	Rokubacteria	Enriched in by BS	6.60124554757133	2.90189347258758	0.893739010467301	3.1076679484679	0.00188569806798256	0.00515857632390632
Soil grown	Biggs	Spirochaetes	Enriched in by BS	0.348873305358939	0.784010976492916	2.05800596244051	0.363323114567079	0.716363528468474	0.941958672792799
Soil grown	Biggs	Synergistetes	Enriched in ES	0.0685576727257792	0	1.80543072376419	0	1	1
Soil grown	Biggs	Thaumarchaeota	Enriched in by BS	7.18430611539531	3.11166446768546	1.11719230288662	2.78920537375713	0.00528375471696715	0.0128319757412059
Soil grown	Biggs	Verrucomicrobia	Enriched in ES	360.075867470799	-0.679704454398424	0.522639495176218	-1.30038833224776	0.19346790686335	0.346205728071259
Soil grown	Biggs	WPS-2	Enriched in by BS	2.16278699442347	3.95026688351881	1.77705773178091	2.04130385927355	0.0412206337150828	0.0891864620380882
Soil grown	Biggs	WS2	Enriched in ES	0.174732977099252	0	2.04743671589897	0	1	1
Soil grown	Biggs	WS4	Enriched in by BS	0.548404498924966	2.0375154694983	1.73722556998814	1.15506879087549	0.248062257313376	0.430940271829077
Soil grown	Davis	Acidobacteria	Enriched in by BS	722.73670687521	2.52597233632848	0.263905749152175	9.57253630513622	1.04314641754233e-21	2.2569895215916e-20
Soil grown	Davis	Actinobacteria	Enriched in ES	5595.67843079171	-1.71869446928744	0.591125784641622	-2.91977193914206	0.00350287628251726	0.00886898463020327
Soil grown	Davis	Alphaproteobacteria	Enriched in ES	2578.76762311756	-1.76347811847923	0.410676477516153	-4.29930338161772	1.71335800818922e-05	6.1784728174096e-05
Soil grown	Davis	Armatimonadetes	Enriched in by BS	28.9712327126442	2.80316683386062	0.646936877327234	4.32100759165562	1.55318329388078e-05	5.77590037411916e-05
Soil grown	Davis	Bacteroidetes	Enriched in ES	884.830902706221	-0.889806615555775	0.427083380150716	-2.08150754367584	0.0373874743387696	0.0816350357121759
Soil grown	Davis	BRC1	Enriched in by BS	3.85436563065642	3.98690060615721	0.946049717448055	4.07805659625265	4.54137130572963e-05	0.00015664440155995
Soil grown	Davis	Chloroflexi	Enriched in ES	553.668182051782	-1.31946676638073	0.443442132284936	-2.96881324932285	0.00298952222533325	0.00765060526483133
Soil grown	Davis	Crenarchaeota	Enriched in by BS	2.91551117129188	3.1524362505506	1.21095390696621	2.52350702363474	0.01161907394825	0.0265898038431106
Soil grown	Davis	Cyanobacteria	Enriched in by BS	11.0543683066936	2.90476710640094	1.17732650260713	2.44858947812684	0.0143416803041895	0.0325078086894961
Soil grown	Davis	Deinococcus-Thermus	Enriched in by BS	1.54042654408956	3.26962243026413	1.85638247367681	1.60171449399876	0.109218758578619	0.201504376292336
Soil grown	Davis	Deltaproteobacteria	Enriched in ES	2405.36382739845	-3.50360492841516	0.532828776754031	-6.56288555219736	5.27763549800261e-11	4.18692416174874e-10
Soil grown	Davis	Dependentiae	Enriched in by BS	0.880224930410204	0.314973851256214	1.64452766435651	0.197868482999537	0.843147963539717	1
Soil grown	Davis	Elusimicrobia	Enriched in by BS	2.74790878602469	1.49428487487637	0.778722459362091	1.89017345854527	0.0587347651590102	0.120507535412452
Soil grown	Davis	Epsilonbacteraeota	Enriched in ES	0.574494702110856	-2.79460130213159	1.87478094472415	-1.54930384919412	0.121308694895326	0.220392896069371
Soil grown	Davis	Euryarchaeota	Enriched in by BS	10.7740974382325	1.54005172815725	1.23232255376669	1.2478350205868	0.212091480826389	0.373909425456894
Soil grown	Davis	Fibrobacteres	Enriched in ES	253.711363051873	-3.27363839330698	0.755648258705674	-4.31294205276691	1.61096352154547e-05	5.89860489427419e-05
Soil grown	Davis	Firmicutes	Enriched in by BS	294.763562287559	0.790721003226071	0.593615621509566	1.33962257551897	0.180368080474766	0.325209114795411
Soil grown	Davis	Gammaproteobacteria	Enriched in ES	10745.9616569186	-3.97894965124478	0.359679111647194	-11.0638497606899	1.87857518754301e-28	7.45168157725394e-27
Soil grown	Davis	Gemmatimonadetes	Enriched in by BS	221.533361391866	4.12099692806167	0.509431968977757	8.08564821753046	6.18344275175799e-16	7.74557565746527e-15
Soil grown	Davis	Hydrogenedentes	Enriched in by BS	0.422464973328125	1.84356910153594	2.05875368269423	0.791298459502116	0.428769847173716	0.662644309268471
Soil grown	Davis	Latescibacteria	Enriched in by BS	4.07043210333057	3.88042429001092	0.994735873049406	3.850498748328	0.000117877532666432	0.000384313051706997
Soil grown	Davis	Nanoarchaeaeota	Enriched in by BS	0.906980438104078	0.96267561985469	1.41868280708185	0.668550067405771	0.503782533699369	0.740124956916358
Soil grown	Davis	Nitrospirae	Enriched in by BS	6.05934628924324	1.65047801073658	0.579246402320586	2.83629590428365	0.00456401386040701	0.0113149510289257
Soil grown	Davis	Omnitrophicaeota	Enriched in by BS	0.629807114110991	0.854011310749648	1.47450835516586	0.564423843669873	0.572465715595021	0.810993097092947
Soil grown	Davis	Patescibacteria	Enriched in by BS	11.5255579468483	1.85886059335035	1.03295722748931	1.86591677550673	0.0620530101824538	0.126227490798496
Soil grown	Davis	Planctomycetes	Enriched in by BS	166.434119932349	2.6121272904146	0.390246051804398	6.69078275547049	2.21979997028933e-11	1.88682997474593e-10
Soil grown	Davis	Rokubacteria	Enriched in by BS	6.60124554757133	3.5751419025914	0.771912829501862	4.49073798877151	7.09768191768084e-06	2.81541382734673e-05
Soil grown	Davis	Spirochaetes	Enriched in ES	0.348873305358939	-0.439309708571391	2.05773335013374	-0.34732062171154	0.728350460069458	0.94725360380618
Soil grown	Davis	Thaumarchaeota	Enriched in by BS	7.18430611539531	5.78712490559224	1.09633503378153	5.11498106105827	3.13772436851293e-07	1.58889021214059e-06
Soil grown	Davis	Verrucomicrobia	Enriched in by BS	360.075867470799	0.427196068411985	0.523898574428212	0.812282518221195	0.416629539346263	0.658041455130137
Soil grown	Davis	WPS-2	Enriched in ES	2.16278699442347	-0.0765379547482343	1.81658107457119	-0.0470996394649941	0.962433814685619	1
Soil grown	Davis	WS4	Enriched in by BS	0.548404498924966	3.00131947559917	1.72843412210258	1.68836625282821	0.0913409444330405	0.176741014431412
Soil inoculated	Arbuckle	Acidobacteria	Enriched in by BS	722.73670687521	5.95713442961346	0.258522768426079	23.0259904067735	2.56010057089213e-117	6.09303935872327e-115
Soil inoculated	Arbuckle	Actinobacteria	Enriched in ES	5595.67843079171	-3.27993497447747	0.540578536945558	-6.04302756195661	1.51248803971162e-09	9.99922648476016e-09
Soil inoculated	Arbuckle	Alphaproteobacteria	Enriched in ES	2578.76762311756	-2.1005016178688	0.375118977998495	-5.59651547269998	2.18702811690365e-08	1.2885212150941e-07
Soil inoculated	Arbuckle	Armatimonadetes	Enriched in by BS	28.9712327126442	2.78060444817914	0.57836944363288	4.80064304182387	1.58156959667299e-06	7.38065811780727e-06
Soil inoculated	Arbuckle	Bacteroidetes	Enriched in ES	884.830902706221	-1.56916005998676	0.390334766074108	-4.01009803577658	6.06935426651788e-05	0.000203451593722712
Soil inoculated	Arbuckle	BRC1	Enriched in by BS	3.85436563065642	3.21586128423581	0.885860132793512	3.57069987550352	0.000356028654286044	0.00108634384256511
Soil inoculated	Arbuckle	Chlamydiae	Enriched in ES	0.0482549683682653	0	1.88541451618193	0	1	1
Soil inoculated	Arbuckle	Chloroflexi	Enriched in by BS	553.668182051782	2.6799103499553	0.410396879324568	6.51675507816752	7.18445891691408e-11	5.51581039427597e-10
Soil inoculated	Arbuckle	Cloacimonetes	Enriched in ES	0.346577986044287	0	1.98994741356234	0	1	1
Soil inoculated	Arbuckle	Crenarchaeota	Enriched in by BS	2.91551117129188	3.30640327087785	1.09945556098139	3.01085324480517	0.00260514729590567	0.00673940278723424
Soil inoculated	Arbuckle	Cyanobacteria	Enriched in by BS	11.0543683066936	3.33516620171621	1.09397956523034	3.01326768759485	0.00258450834125268	0.00673940278723424
Soil inoculated	Arbuckle	Deinococcus-Thermus	Enriched in ES	1.54042654408956	-0.179284382313952	1.7984244527246	-0.204880831065673	0.83766523212687	1
Soil inoculated	Arbuckle	Deltaproteobacteria	Enriched in by BS	2405.36382739845	1.39480509206009	0.488855967113345	2.82718631816271	0.00469589968897888	0.0115218982059482
Soil inoculated	Arbuckle	Dependentiae	Enriched in ES	0.880224930410204	-0.3434294967166	1.52038148552155	-0.228322390124131	0.819395619417231	1
Soil inoculated	Arbuckle	Elusimicrobia	Enriched in by BS	2.74790878602469	4.03265240491192	0.872679830357934	4.61878906285664	3.8598599040227e-06	1.6702666493771e-05
Soil inoculated	Arbuckle	Entotheonellaeota	Enriched in by BS	0.0933004908420024	0.293100058951521	1.91194416970918	0.156081830096523	0.875968520309007	1
Soil inoculated	Arbuckle	Epsilonbacteraeota	Enriched in by BS	0.574494702110856	1.19481690674323	1.72313622337287	0.701260416534817	0.483140511754481	0.727514891101823
Soil inoculated	Arbuckle	Euryarchaeota	Enriched in by BS	10.7740974382325	2.31931558084358	1.06681048503184	2.19870750371737	0.0278987270601524	0.0620551125263204
Soil inoculated	Arbuckle	FBP	Enriched in by BS	0.208255569947227	1.38508961638678	2.00954780723328	0.662620532882764	0.507573616395643	0.741119758908976
Soil inoculated	Arbuckle	FCPU426	Enriched in ES	0.0600861358344335	0	1.88587962015673	0	1	1
Soil inoculated	Arbuckle	Fibrobacteres	Enriched in by BS	253.711363051873	3.40447072465637	0.961542519580452	3.66291371899823	0.000249362549688496	0.000780898510866606
Soil inoculated	Arbuckle	Firmicutes	Enriched in ES	294.763562287559	-0.382771745638425	0.54354849549643	-0.696638818953485	0.486028855820125	0.727514891101823
Soil inoculated	Arbuckle	Fusobacteria	Enriched in ES	0.00289961296271756	0	1.88440450043635	0	1	1
Soil inoculated	Arbuckle	GAL15	Enriched in ES	0.00359250856959452	-0.517860569851777	1.88490778654585	-0.282822121801651	0.777313195626021	0.984057396009038
Soil inoculated	Arbuckle	Gammaproteobacteria	Enriched in ES	10745.9616569186	-3.18823014160286	0.32861141491752	-9.69710622135584	3.10170855274669e-22	7.38206635553711e-21
Soil inoculated	Arbuckle	Gemmatimonadetes	Enriched in by BS	221.533361391866	5.64460922199146	0.465711691253569	12.1225407098688	8.02326852318647e-34	4.77384477129595e-32
Soil inoculated	Arbuckle	Hydrogenedentes	Enriched in by BS	0.422464973328125	2.09434623795026	2.03283084812777	0.930158689255497	0.352288927430974	0.582255310615081
Soil inoculated	Arbuckle	Kiritimatiellaeota	Enriched in ES	0.0388498291509328	-0.444792209792858	1.88575379872444	-0.282809790387155	0.777322648948315	0.984057396009038
Soil inoculated	Arbuckle	Latescibacteria	Enriched in by BS	4.07043210333057	5.56934810622422	0.848221397780569	6.45466049584518	1.08461777080314e-10	8.06684467034837e-10
Soil inoculated	Arbuckle	Lentisphaerae	Enriched in ES	0.045099644599632	0	1.88472202600621	0	1	1
Soil inoculated	Arbuckle	Margulisbacteria	Enriched in ES	0.00764390352821826	0	1.88462516550661	0	1	1
Soil inoculated	Arbuckle	Nanoarchaeaeota	Enriched in by BS	0.906980438104078	0.166042449944114	1.46298004305357	0.0642647845112211	0.948759393357858	1
Soil inoculated	Arbuckle	Nitrospirae	Enriched in by BS	6.05934628924324	6.25047260395069	0.820147030202433	7.55505479834741	4.18683542211427e-14	4.15194512692999e-13
Soil inoculated	Arbuckle	Omnitrophicaeota	Enriched in by BS	0.629807114110991	0.644883278470087	1.43704857663162	0.418338893978337	0.675699356587568	0.91901277769228
Soil inoculated	Arbuckle	Patescibacteria	Enriched in ES	11.5255579468483	-3.60116232337783	0.706108175349042	-5.0617643818552	4.15394194772046e-07	2.05966288241139e-06
Soil inoculated	Arbuckle	PAUC34f	Enriched in ES	0.00837401404824026	0	1.88466961122064	0	1	1
Soil inoculated	Arbuckle	Planctomycetes	Enriched in by BS	166.434119932349	3.97245882451509	0.353651979429655	11.2326915412059	2.81762383838783e-29	1.34118894707261e-27
Soil inoculated	Arbuckle	Rokubacteria	Enriched in by BS	6.60124554757133	7.40704100734137	0.807449348981339	9.00890852480173	2.08117389238673e-19	3.81014912606186e-18
Soil inoculated	Arbuckle	Spirochaetes	Enriched in by BS	0.348873305358939	1.87514048014013	2.0336483839356	0.841773373117974	0.399914818895494	0.643080946615519
Soil inoculated	Arbuckle	Synergistetes	Enriched in ES	0.0685576727257792	-0.431395927480344	1.88560176006458	-0.282814575592085	0.777318980583041	0.984057396009038
Soil inoculated	Arbuckle	Thaumarchaeota	Enriched in by BS	7.18430611539531	7.41596450989308	0.958724707470258	7.63048015671929	2.33880964707034e-14	2.420159547838e-13
Soil inoculated	Arbuckle	Verrucomicrobia	Enriched in by BS	360.075867470799	0.617567875714173	0.478306471695165	1.2923932387256	0.196220997007462	0.34851192005803
Soil inoculated	Arbuckle	WPS-2	Enriched in ES	2.16278699442347	-1.02226974786632	1.75497109930515	-0.751673774495751	0.452247265384134	0.685572287652381
Soil inoculated	Arbuckle	WS1	Enriched in ES	0.0178426687931618	0	1.88490798465109	0	1	1
Soil inoculated	Arbuckle	WS2	Enriched in by BS	0.174732977099252	0.873429411832031	2.04006456528633	0.415288097057572	0.677931013732654	0.91901277769228
Soil inoculated	Arbuckle	WS4	Enriched in by BS	0.548404498924966	1.83109587495466	1.62564486300581	1.11627900485586	0.264302725658206	0.452547112997504
Soil inoculated	Arbuckle	Zixibacteria	Enriched in ES	0.0136719206328027	0	1.88488839283884	0	1	1
Soil inoculated	Biggs	Acidobacteria	Enriched in by BS	722.73670687521	3.28424887205794	0.242140762866433	13.5695932418468	6.06577114298608e-42	4.81217844010229e-40
Soil inoculated	Biggs	Actinobacteria	Enriched in ES	5595.67843079171	-2.92856486568517	0.540582667342888	-5.38622931310874	7.19511551361812e-08	3.89190339145708e-07
Soil inoculated	Biggs	Alphaproteobacteria	Enriched in ES	2578.76762311756	-1.75014462785209	0.375151502469558	-4.65689293476835	3.21017278608153e-06	1.41485393164334e-05
Soil inoculated	Biggs	Armatimonadetes	Enriched in by BS	28.9712327126442	0.88615161731937	0.553645508895633	1.61241229212509	0.106872251771679	0.200280282847714
Soil inoculated	Biggs	Bacteroidetes	Enriched in ES	884.830902706221	-2.07578901497432	0.392638816191761	-5.300168543419	1.15695826524335e-07	6.1190237139537e-07
Soil inoculated	Biggs	BRC1	Enriched in by BS	3.85436563065642	5.07047196003859	0.922423293524997	5.44086900450159	5.30212922401597e-08	2.93466687282744e-07
Soil inoculated	Biggs	Chlamydiae	Enriched in ES	0.0482549683682653	-0.546490992866708	1.8853468310234	-0.25771877995511	0.796623951279856	0.997876317918978
Soil inoculated	Biggs	Chloroflexi	Enriched in by BS	553.668182051782	3.90442274365774	0.422307576966848	9.22346275425722	2.87657282057605e-20	5.70520276080916e-19
Soil inoculated	Biggs	Cloacimonetes	Enriched in by BS	0.346577986044287	0.796083589999757	1.9836202859838	0.413000717977906	0.679606087705215	0.91901277769228
Soil inoculated	Biggs	Crenarchaeota	Enriched in by BS	2.91551117129188	5.15612659842985	1.08691071583369	4.68302422447028	2.826730919465e-06	1.26936218647674e-05
Soil inoculated	Biggs	Cyanobacteria	Enriched in by BS	11.0543683066936	5.51852988304888	1.15182284873655	4.78042279144061	1.74926929584835e-06	8.00627100792131e-06
Soil inoculated	Biggs	Deinococcus-Thermus	Enriched in ES	1.54042654408956	-0.600769381556591	1.80279966991633	-0.386067266577221	0.699446851562862	0.935215453213265
Soil inoculated	Biggs	Deltaproteobacteria	Enriched in by BS	2405.36382739845	4.27084734282563	0.499816902721636	8.49658689619804	1.95246776161875e-17	3.09791551510176e-16
Soil inoculated	Biggs	Dependentiae	Enriched in ES	0.880224930410204	-1.27643172875879	1.47115801093243	-0.786335027524683	0.431671236686429	0.66282422149271
Soil inoculated	Biggs	Elusimicrobia	Enriched in by BS	2.74790878602469	3.9226254864792	0.868615099273949	4.46523006333296	7.99827577898308e-06	3.12063874655405e-05
Soil inoculated	Biggs	Entotheonellaeota	Enriched in ES	0.0933004908420024	0	1.90852998687866	0	1	1
Soil inoculated	Biggs	Epsilonbacteraeota	Enriched in ES	0.574494702110856	-0.800456173143158	1.72009350425188	-0.377332053067054	0.705926854751486	0.938606656038289
Soil inoculated	Biggs	Euryarchaeota	Enriched in by BS	10.7740974382325	4.0108909643484	1.09955066422642	3.64887320954249	0.000263393051588013	0.000814123977635676
Soil inoculated	Biggs	FBP	Enriched in ES	0.208255569947227	-0.715308111696725	2.0117771451319	-0.363829147534434	0.715985595572265	0.941958672792799
Soil inoculated	Biggs	FCPU426	Enriched in by BS	0.0600861358344335	0.0498445190605564	1.88759641755207	0.0624283815816135	0.950221693800448	1
Soil inoculated	Biggs	Fibrobacteres	Enriched in by BS	253.711363051873	0.748291151796839	0.824589378138999	0.893763710908274	0.371448329184477	0.601392532965343
Soil inoculated	Biggs	Firmicutes	Enriched in ES	294.763562287559	-0.225559424440989	0.544390459153639	-0.407566175832249	0.683592201004544	0.919180473667127
Soil inoculated	Biggs	Gammaproteobacteria	Enriched in ES	10745.9616569186	-2.86996748025013	0.328669535881148	-8.72940736088849	2.56010552406055e-18	4.35217939090293e-17
Soil inoculated	Biggs	Gemmatimonadetes	Enriched in by BS	221.533361391866	3.64122327985555	0.473229635886457	7.68943716766568	1.47783688736566e-14	1.59875081451376e-13
Soil inoculated	Biggs	Hydrogenedentes	Enriched in ES	0.422464973328125	0	2.03152777112036	0	1	1
Soil inoculated	Biggs	Kiritimatiellaeota	Enriched in ES	0.0388498291509328	-0.0836636608564144	1.88679818903853	0.00459979591738721	0.996329906796724	1
Soil inoculated	Biggs	Latescibacteria	Enriched in by BS	4.07043210333057	2.41943437690303	0.757046341311736	3.15214880412369	0.00162073655689846	0.0044852941923469
Soil inoculated	Biggs	Lentisphaerae	Enriched in ES	0.045099644599632	0	1.88405197928065	0	1	1
Soil inoculated	Biggs	Nanoarchaeaeota	Enriched in by BS	0.906980438104078	0.0117572573188553	1.4587259767837	-0.00786346908797245	0.993725924079111	1
Soil inoculated	Biggs	Nitrospirae	Enriched in by BS	6.05934628924324	3.09401832660405	0.811192941051783	3.75547332273973	0.00017301419033396	0.000549031697326434
Soil inoculated	Biggs	Omnitrophicaeota	Enriched in by BS	0.629807114110991	0.155786555192971	1.44542773418001	0.0894713510392072	0.928707320809108	1
Soil inoculated	Biggs	Patescibacteria	Enriched in ES	11.5255579468483	-1.41172443327569	0.684313860698423	-2.03608878615005	0.0417414405762298	0.0894996653796638
Soil inoculated	Biggs	Planctomycetes	Enriched in by BS	166.434119932349	1.60580631526627	0.351311820686539	4.57481014590155	4.76652023807763e-06	1.99023125730259e-05
Soil inoculated	Biggs	Rokubacteria	Enriched in by BS	6.60124554757133	2.00816782862707	0.779228015621692	2.53600817834019	0.0112124115540207	0.0259082907753099
Soil inoculated	Biggs	Spirochaetes	Enriched in by BS	0.348873305358939	0.221084615136702	2.03340785811198	0.139009308527066	0.889442793327046	1
Soil inoculated	Biggs	Synergistetes	Enriched in ES	0.0685576727257792	0	1.88424522772506	0	1	1
Soil inoculated	Biggs	Thaumarchaeota	Enriched in by BS	7.18430611539531	1.95117364869257	0.982396998474562	1.97981026865037	0.0477248520945803	0.100517830075311
Soil inoculated	Biggs	Verrucomicrobia	Enriched in by BS	360.075867470799	0.297210450539118	0.48067624625171	0.608566295221484	0.54281195079802	0.778248459577884
Soil inoculated	Biggs	WPS-2	Enriched in by BS	2.16278699442347	4.78507456963427	1.69287188042788	2.70152988823788	0.00690212765186524	0.0162644196152864
Soil inoculated	Biggs	WS2	Enriched in ES	0.174732977099252	0	2.03680395837979	0	1	1
Soil inoculated	Biggs	WS4	Enriched in by BS	0.548404498924966	1.27605557450631	1.62596993878693	0.795490743882222	0.426328093102925	0.662644309268471
Soil inoculated	Davis	Acidobacteria	Enriched in by BS	722.73670687521	4.94384721258153	0.260888905290842	18.9383939748719	5.50508748578969e-80	6.55105410808973e-78
Soil inoculated	Davis	Actinobacteria	Enriched in ES	5595.67843079171	-3.48709378457742	0.553180689657997	-6.30861632862423	2.81541080566245e-10	1.97078756396372e-09
Soil inoculated	Davis	Alphaproteobacteria	Enriched in ES	2578.76762311756	-3.10839387389534	0.383869155455914	-8.09764191880094	5.60347169034216e-16	7.40903479056353e-15
Soil inoculated	Davis	Armatimonadetes	Enriched in by BS	28.9712327126442	1.08519154114473	0.566526071334423	1.91721815535987	0.0552102225039068	0.11494762643636
Soil inoculated	Davis	Bacteroidetes	Enriched in ES	884.830902706221	-1.40016457298427	0.399298686470745	-3.49738245813553	0.000469847711076498	0.00136370433214886
Soil inoculated	Davis	BRC1	Enriched in by BS	3.85436563065642	5.3321153310156	0.938821804639891	5.59424380481058	2.21585399624831e-08	1.2885212150941e-07
Soil inoculated	Davis	Chloroflexi	Enriched in by BS	553.668182051782	1.58548094684298	0.417946472801472	3.78661115023638	0.000152715800486226	0.00049116703399624
Soil inoculated	Davis	Cloacimonetes	Enriched in by BS	0.346577986044287	0.707863059373647	2.00155243688792	0.352793992318206	0.72424288799301	0.947086853529321
Soil inoculated	Davis	Crenarchaeota	Enriched in by BS	2.91551117129188	3.97264756320529	1.11946465296226	3.53374174466786	0.000409721209189204	0.00123434997198773
Soil inoculated	Davis	Cyanobacteria	Enriched in ES	11.0543683066936	-1.75066256706583	0.996238449358203	-1.69090081706663	0.0908557472332434	0.176741014431412
Soil inoculated	Davis	Deinococcus-Thermus	Enriched in by BS	1.54042654408956	3.19377435112253	1.7856596261189	1.71009423573917	0.0872484485424904	0.171612650852171
Soil inoculated	Davis	Deltaproteobacteria	Enriched in by BS	2405.36382739845	0.599563464226101	0.499423146253088	1.18937697148527	0.234291358577768	0.410009877511094
Soil inoculated	Davis	Dependentiae	Enriched in by BS	0.880224930410204	0.210359235595592	1.55781513986933	0.113605113407867	0.909550833684752	1
Soil inoculated	Davis	Elusimicrobia	Enriched in by BS	2.74790878602469	4.10879935279156	0.896183447194896	4.54910528366488	5.38744854261156e-06	2.2107116433475e-05
Soil inoculated	Davis	Entotheonellaeota	Enriched in by BS	0.0933004908420024	0.425254993136128	1.89681727686334	0.213048737656143	0.831288948059001	1
Soil inoculated	Davis	Epsilonbacteraeota	Enriched in ES	0.574494702110856	-2.74155384030655	1.80319779966505	-1.62577153974746	0.103998264843254	0.198012696261556
Soil inoculated	Davis	Euryarchaeota	Enriched in by BS	10.7740974382325	2.3282955318936	1.20169141978516	1.91461265261534	0.0555419203368966	0.11494762643636
Soil inoculated	Davis	FBP	Enriched in by BS	0.208255569947227	0.0148861711535387	2.02535834452169	0.0117542891413205	0.99062165012874	1
Soil inoculated	Davis	Fibrobacteres	Enriched in ES	253.711363051873	-0.0988536152836038	0.721991042100112	-0.140885537183908	0.887960367836296	1
Soil inoculated	Davis	Firmicutes	Enriched in by BS	294.763562287559	2.42899866959647	0.557833942086411	4.35427541685	1.33507770970536e-05	5.04362690333137e-05
Soil inoculated	Davis	Gammaproteobacteria	Enriched in ES	10745.9616569186	-2.4241455941232	0.33637616554677	-7.21709081584844	5.31115098760554e-13	5.05621574020047e-12
Soil inoculated	Davis	Gemmatimonadetes	Enriched in by BS	221.533361391866	5.08673279678687	0.490205340612854	10.3616113049398	3.70664492331474e-25	1.10272686468614e-23
Soil inoculated	Davis	Hydrogenedentes	Enriched in by BS	0.422464973328125	1.7723799205351	2.04415501831565	0.799474140603966	0.424015535297962	0.662644309268471
Soil inoculated	Davis	Latescibacteria	Enriched in by BS	4.07043210333057	4.31700572437244	0.883069716462945	4.84499852704959	1.26612618100463e-06	6.02676062158204e-06
Soil inoculated	Davis	Nanoarchaeaeota	Enriched in by BS	0.906980438104078	3.97659042721339	1.42633815750352	2.7584202006203	0.00580814841295201	0.0139630234573998
Soil inoculated	Davis	Nitrospirae	Enriched in by BS	6.05934628924324	5.70551979256089	0.834967217343741	6.70462300386417	2.01927000994257e-11	1.7799491198753e-10
Soil inoculated	Davis	Omnitrophicaeota	Enriched in by BS	0.629807114110991	2.49747994293391	1.42444601981241	1.75491463916916	0.0792739097564633	0.158547819512927
Soil inoculated	Davis	Patescibacteria	Enriched in ES	11.5255579468483	-3.15026873846289	0.697470839885036	-4.49715847233683	6.88676585173131e-06	2.77805130968144e-05
Soil inoculated	Davis	Planctomycetes	Enriched in by BS	166.434119932349	1.2514924028476	0.356132028601381	3.51689103215786	0.00043663299290377	0.00129898315388872
Soil inoculated	Davis	Rokubacteria	Enriched in by BS	6.60124554757133	4.52999311796168	0.787867410536499	5.5939412113764	2.21972142096042e-08	1.2885212150941e-07
Soil inoculated	Davis	Spirochaetes	Enriched in ES	0.348873305358939	-0.774606003567847	2.04404487219182	-0.540034534632921	0.589173216327262	0.829723227727151
Soil inoculated	Davis	Synergistetes	Enriched in ES	0.0685576727257792	-0.609109877006827	1.86913731066665	-0.440509903159587	0.659567841321038	0.912657826944228
Soil inoculated	Davis	Thaumarchaeota	Enriched in by BS	7.18430611539531	6.20569318673687	0.988365423678008	6.16910128099867	6.86792278800986e-10	4.6701874958467e-09
Soil inoculated	Davis	Verrucomicrobia	Enriched in ES	360.075867470799	-1.98467199306986	0.488262764493489	-4.0499751143582	5.12230798953798e-05	0.000174158471644291
Soil inoculated	Davis	WPS-2	Enriched in by BS	2.16278699442347	0.243905470645966	1.73999021501399	0.115994345270123	0.907657023365631	1
Soil inoculated	Davis	WS2	Enriched in by BS	0.174732977099252	0.65791589747466	2.0479692224966	0.318401602112812	0.750180323154711	0.965096848166601
Soil inoculated	Davis	WS4	Enriched in by BS	0.548404498924966	2.89569736771281	1.6452558529201	1.74177909638268	0.0815471058100384	0.161735093189909
